Workbook
Name All_Teams: OFFSET(Games!#REF!,0,0,COUNTA(Games!#REF!)-1,1)
Name Method: Games!#REF!
Name SeedInfo: Games!#REF!
Name SeedType: Games!#REF!
Name snowball: [1]Calculator!$F$21
Name strategy: [1]Calculator!$F$20
Name valuevx: 42.314159

Sheet Team_Links
A1: Column1 | B1: School | C1: Link | D1: GameLogs | E1: PartialLink
A2: 0 | B2: Abilene Christian | C2: https://www.sports-reference.com/cbb/schools/abilene-christian/men/2026.html | D2: https://www.sports-reference.com/cbb/schools/abilene-christian/men/2026-gamelogs.html | E2: {=_xlfn.TEXTSPLIT( _xlfn.TEXTSPLIT(Team_Links[[#This Row],[GameLogs]],"https://www.sports-reference.com/cbb/schools/",,TRUE,0,), "/",,TRUE,0)} -> abilene-christian
A3: 1 | B3: Air Force | C3: https://www.sports-reference.com/cbb/schools/air-force/men/2026.html | D3: https://www.sports-reference.com/cbb/schools/air-force/men/2026-gamelogs.html | E3: {=_xlfn.TEXTSPLIT( _xlfn.TEXTSPLIT(Team_Links[[#This Row],[GameLogs]],"https://www.sports-reference.com/cbb/schools/",,TRUE,0,), "/",,TRUE,0)} -> air-force
A4: 2 | B4: Akron | C4: https://www.sports-reference.com/cbb/schools/akron/men/2026.html | D4: https://www.sports-reference.com/cbb/schools/akron/men/2026-gamelogs.html | E4: {=_xlfn.TEXTSPLIT( _xlfn.TEXTSPLIT(Team_Links[[#This Row],[GameLogs]],"https://www.sports-reference.com/cbb/schools/",,TRUE,0,), "/",,TRUE,0)} -> akron
A5: 3 | B5: Alabama | C5: https://www.sports-reference.com/cbb/schools/alabama/men/2026.html | D5: https://www.sports-reference.com/cbb/schools/alabama/men/2026-gamelogs.html | E5: {=_xlfn.TEXTSPLIT( _xlfn.TEXTSPLIT(Team_Links[[#This Row],[GameLogs]],"https://www.sports-reference.com/cbb/schools/",,TRUE,0,), "/",,TRUE,0)} -> alabama
A6: 4 | B6: Alabama A&M | C6: https://www.sports-reference.com/cbb/schools/alabama-am/men/2026.html | D6: https://www.sports-reference.com/cbb/schools/alabama-am/men/2026-gamelogs.html | E6: {=_xlfn.TEXTSPLIT( _xlfn.TEXTSPLIT(Team_Links[[#This Row],[GameLogs]],"https://www.sports-reference.com/cbb/schools/",,TRUE,0,), "/",,TRUE,0)} -> alabama-am
A7: 5 | B7: Alabama State | C7: https://www.sports-reference.com/cbb/schools/alabama-state/men/2026.html | D7: https://www.sports-reference.com/cbb/schools/alabama-state/men/2026-gamelogs.html | E7: {=_xlfn.TEXTSPLIT( _xlfn.TEXTSPLIT(Team_Links[[#This Row],[GameLogs]],"https://www.sports-reference.com/cbb/schools/",,TRUE,0,), "/",,TRUE,0)} -> alabama-state
A8: 6 | B8: Albany (NY) | C8: https://www.sports-reference.com/cbb/schools/albany-ny/men/2026.html | D8: https://www.sports-reference.com/cbb/schools/albany-ny/men/2026-gamelogs.html | E8: {=_xlfn.TEXTSPLIT( _xlfn.TEXTSPLIT(Team_Links[[#This Row],[GameLogs]],"https://www.sports-reference.com/cbb/schools/",,TRUE,0,), "/",,TRUE,0)} -> albany-ny
A9: 7 | B9: Alcorn State | C9: https://www.sports-reference.com/cbb/schools/alcorn-state/men/2026.html | D9: https://www.sports-reference.com/cbb/schools/alcorn-state/men/2026-gamelogs.html | E9: {=_xlfn.TEXTSPLIT( _xlfn.TEXTSPLIT(Team_Links[[#This Row],[GameLogs]],"https://www.sports-reference.com/cbb/schools/",,TRUE,0,), "/",,TRUE,0)} -> alcorn-state
A10: 8 | B10: American | C10: https://www.sports-reference.com/cbb/schools/american/men/2026.html | D10: https://www.sports-reference.com/cbb/schools/american/men/2026-gamelogs.html | E10: {=_xlfn.TEXTSPLIT( _xlfn.TEXTSPLIT(Team_Links[[#This Row],[GameLogs]],"https://www.sports-reference.com/cbb/schools/",,TRUE,0,), "/",,TRUE,0)} -> american
A11: 9 | B11: Appalachian State | C11: https://www.sports-reference.com/cbb/schools/appalachian-state/men/2026.html | D11: https://www.sports-reference.com/cbb/schools/appalachian-state/men/2026-gamelogs.html | E11: {=_xlfn.TEXTSPLIT( _xlfn.TEXTSPLIT(Team_Links[[#This Row],[GameLogs]],"https://www.sports-reference.com/cbb/schools/",,TRUE,0,), "/",,TRUE,0)} -> appalachian-state
A12: 10 | B12: Arizona | C12: https://www.sports-reference.com/cbb/schools/arizona/men/2026.html | D12: https://www.sports-reference.com/cbb/schools/arizona/men/2026-gamelogs.html | E12: {=_xlfn.TEXTSPLIT( _xlfn.TEXTSPLIT(Team_Links[[#This Row],[GameLogs]],"https://www.sports-reference.com/cbb/schools/",,TRUE,0,), "/",,TRUE,0)} -> arizona
A13: 11 | B13: Arizona State | C13: https://www.sports-reference.com/cbb/schools/arizona-state/men/2026.html | D13: https://www.sports-reference.com/cbb/schools/arizona-state/men/2026-gamelogs.html | E13: {=_xlfn.TEXTSPLIT( _xlfn.TEXTSPLIT(Team_Links[[#This Row],[GameLogs]],"https://www.sports-reference.com/cbb/schools/",,TRUE,0,), "/",,TRUE,0)} -> arizona-state
... A366: 364 | B366: Youngstown State | C366: https://www.sports-reference.com/cbb/schools/youngstown-state/men/2026.html | D366: https://www.sports-reference.com/cbb/schools/youngstown-state/men/2026-gamelogs.html | E366: {=_xlfn.TEXTSPLIT( _xlfn.TEXTSPLIT(Team_Links[[#This Row],[GameLogs]],"https://www.sports-reference.com/cbb/schools/",,TRUE,0,), "/",,TRUE,0)} -> youngstown-state

Sheet 2024 Roster (Wikipedia)
A1: East | I1: West | Q1: South | Y1: Midwest
A2: Seed | B2: School | C2: Conference | D2: Record | E2: Overall Seed | F2: Berth type | G2: Last bid | I2: Seed | J2: School | K2: Conference | L2: Record | M2: Overall Seed | N2: Berth type | O2: Last bid | Q2: Seed | R2: School | S2: Conference | T2: Record | U2: Overall Seed | V2: Berth type | W2: Last bid | Y2: Seed | Z2: School | AA2: Conference | AB2: Record | AC2: Overall Seed | AD2: Berth type | AE2: Last bid
A3: 1 | B3: Duke | C3: ACC | D3: 31–3 | E3: 2 | F3: Automatic | G3: 2024 | I3: 1 | J3: Florida | K3: SEC | L3: 30–4 | M3: 4 | N3: Automatic | O3: 2024 | Q3: 1 | R3: Auburn | S3: SEC | T3: 28–5 | U3: 1 | V3: At Large | W3: 2024 | Y3: 1 | Z3: Houston | AA3: Big 12 | AB3: 30–4 | AC3: 3 | AD3: Automatic | AE3: 2024
A4: 2 | B4: Alabama | C4: SEC | D4: 25–8 | E4: 6 | F4: At Large | G4: 2024 | I4: 2 | J4: St. John's (NY) | K4: Big East | L4: 30–4 | M4: 8 | N4: Automatic | O4: 2019 | Q4: 2 | R4: Michigan State | S4: Big Ten | T4: 27–6 | U4: 7 | V4: At Large | W4: 2024 | Y4: 2 | Z4: Tennessee | AA4: SEC | AB4: 27–7 | AC4: 5 | AD4: At Large | AE4: 2024
A5: 3 | B5: Wisconsin | C5: Big Ten | D5: 26–9 | E5: 12 | F5: At Large | G5: 2024 | I5: 3 | J5: Texas Tech | K5: Big 12 | L5: 25–8 | M5: 9 | N5: At Large | O5: 2024 | Q5: 3 | R5: Iowa State | S5: Big 12 | T5: 24–9 | U5: 10 | V5: At Large | W5: 2024 | Y5: 3 | Z5: Kentucky | AA5: SEC | AB5: 22–11 | AC5: 11 | AD5: At Large | AE5: 2024
A6: 4 | B6: Arizona | C6: Big 12 | D6: 22–12 | E6: 16 | F6: At Large | G6: 2024 | I6: 4 | J6: Maryland | K6: Big Ten | L6: 25–8 | M6: 15 | N6: At Large | O6: 2023 | Q6: 4 | R6: Texas A&M | S6: SEC | T6: 22–10 | U6: 13 | V6: At Large | W6: 2024 | Y6: 4 | Z6: Purdue | AA6: Big Ten | AB6: 22–11 | AC6: 14 | AD6: At Large | AE6: 2024
A7: 5 | B7: Oregon | C7: Big Ten | D7: 24–9 | E7: 19 | F7: At Large | G7: 2024 | I7: 5 | J7: Memphis | K7: American | L7: 29–5 | M7: 20 | N7: Automatic | O7: 2023 | Q7: 5 | R7: Michigan | S7: Big Ten | T7: 25–9 | U7: 17 | V7: Automatic | W7: 2022 | Y7: 5 | Z7: Clemson | AA7: ACC | AB7: 27–6 | AC7: 18 | AD7: At Large | AE7: 2024
A8: 6 | B8: Brigham Young | C8: Big 12 | D8: 24–9 | E8: 21 | F8: At Large | G8: 2024 | I8: 6 | J8: Missouri | K8: SEC | L8: 22–11 | M8: 23 | N8: At Large | O8: 2023 | Q8: 6 | R8: Mississippi | S8: SEC | T8: 22–11 | U8: 24 | V8: At Large | W8: 2019 | Y8: 6 | Z8: Illinois | AA8: Big Ten | AB8: 21–12 | AC8: 22 | AD8: At Large | AE8: 2024
A9: 7 | B9: Saint Mary's (CA) | C9: WCC | D9: 28–5 | E9: 27 | F9: At Large | G9: 2024 | I9: 7 | J9: Kansas | K9: Big 12 | L9: 21–12 | M9: 28 | N9: At Large | O9: 2024 | Q9: 7 | R9: Marquette | S9: Big East | T9: 23–10 | U9: 26 | V9: At Large | W9: 2024 | Y9: 7 | Z9: UCLA | AA9: Big Ten | AB9: 22–10 | AC9: 25 | AD9: At Large | AE9: 2023
A10: 8 | B10: Mississippi State | C10: SEC | D10: 21–12 | E10: 32 | F10: At Large | G10: 2024 | I10: 8 | J10: Connecticut | K10: Big East | L10: 23–10 | M10: 31 | N10: At Large | O10: 2024 | Q10: 8 | R10: Louisville | S10: ACC | T10: 27–7 | U10: 29 | V10: At Large | W10: 2019 | Y10: 8 | Z10: Gonzaga | AA10: WCC | AB10: 25–8 | AC10: 30 | AD10: Automatic | AE10: 2024
A11: 9 | B11: Baylor | C11: Big 12 | D11: 19–14 | E11: 35 | F11: At Large | G11: 2024 | I11: 9 | J11: Oklahoma | K11: SEC | L11: 20–13 | M11: 36 | N11: At Large | O11: 2021 | Q11: 9 | R11: Creighton | S11: Big East | T11: 24–10 | U11: 33 | V11: At Large | W11: 2024 | Y11: 9 | Z11: Georgia | AA11: SEC | AB11: 20–12 | AC11: 34 | AD11: At Large | AE11: 2015
A12: 10 | B12: Vanderbilt | C12: SEC | D12: 20–12 | E12: 39 | F12: At Large | G12: 2017 | I12: 10 | J12: Arkansas | K12: SEC | L12: 20–13 | M12: 37 | N12: At Large | O12: 2023 | Q12: 10 | R12: New Mexico | S12: Mountain West | T12: 26–7 | U12: 38 | V12: At Large | W12: 2024 | Y12: 10 | Z12: Utah State | AA12: Mountain West | AB12: 26–7 | AC12: 40 | AD12: At Large | AE12: 2024
A13: 11 | B13: Virginia Commonwealth | C13: Atlantic 10 | D13: 28–6 | E13: 45 | F13: Automatic | G13: 2023 | I13: 11 | J13: Drake | K13: Missouri Valley | L13: 30–3 | M13: 44 | N13: Automatic | O13: 2024 | Q13: 11 | R13: North Carolina | S13: ACC | T13: 22–13 | U13: 46 | V13: At Large | W13: 2024 | Y13: 11 | Z13: Texas | AA13: SEC | AB13: 19–15 | AC13: 41 | AD13: At Large | AE13: 2024
A14: 12 | B14: Liberty | C14: C-USA | D14: 28–6 | E14: 50 | F14: Automatic | G14: 2021 | I14: 12 | J14: Colorado State | K14: Mountain West | L14: 25–9 | M14: 48 | N14: Automatic | O14: 2024 | Q14: 12 | R14: UC San Diego | S14: Big West | T14: 30–4 | U14: 47 | V14: Automatic | W14: Never | Y14: 12 | Z14: McNeese State | AA14: Southland | AB14: 27–6 | AC14: 49 | AD14: Automatic | AE14: 2024
... A18: 16 | B18: Mount St. Mary's | C18: MAAC | D18: 22–12 | E18: 66 | F18: Automatic | G18: 2021 | I18: 16 | J18: Norfolk State | K18: MEAC | L18: 24–10 | M18: 63 | N18: Automatic | O18: 2022 | Q18: 16 | R18: Alabama State | S18: SWAC | T18: 19–15 | U18: 67 | V18: Automatic | W18: 2011 | Y18: 16 | Z18: SIU Edwardsville | AA18: Ohio Valley | AB18: 22–11 | AC18: 64 | AD18: Automatic | AE18: Never

Sheet Teams
A1: Seed | B1: Region | C1: Team | D1: Hyperlink Name | E1: Logo
A2: 1 | B2: South | C2: Abilene Christian | D2: =_xlfn.XLOOKUP(Teams[[#This Row],[Team]],Team_Links[School],Team_Links[PartialLink],,0,1) -> abilene-christian | E2: =_xlfn.IMAGE(_xlfn.CONCAT("https://cdn.ssref.net/req/202510241/tlogo/ncaa/",TEXT(Teams[[#This Row],[Hyperlink Name]],),"-2025.png")) -> #VALUE!
A3: 16 | B3: South | C3: Air Force | D3: =_xlfn.XLOOKUP(Teams[[#This Row],[Team]],Team_Links[School],Team_Links[PartialLink],,0,1) -> air-force | E3: =_xlfn.IMAGE(_xlfn.CONCAT("https://cdn.ssref.net/req/202510241/tlogo/ncaa/",TEXT(Teams[[#This Row],[Hyperlink Name]],),"-2025.png")) -> #VALUE!
A4: 8 | B4: South | C4: Akron | D4: =_xlfn.XLOOKUP(Teams[[#This Row],[Team]],Team_Links[School],Team_Links[PartialLink],,0,1) -> akron | E4: =_xlfn.IMAGE(_xlfn.CONCAT("https://cdn.ssref.net/req/202510241/tlogo/ncaa/",TEXT(Teams[[#This Row],[Hyperlink Name]],),"-2025.png")) -> #VALUE!
A5: 9 | B5: South | C5: Alabama | D5: =_xlfn.XLOOKUP(Teams[[#This Row],[Team]],Team_Links[School],Team_Links[PartialLink],,0,1) -> alabama | E5: =_xlfn.IMAGE(_xlfn.CONCAT("https://cdn.ssref.net/req/202510241/tlogo/ncaa/",TEXT(Teams[[#This Row],[Hyperlink Name]],),"-2025.png")) -> #VALUE!
A6: 5 | B6: South | C6: Alabama A&M | D6: =_xlfn.XLOOKUP(Teams[[#This Row],[Team]],Team_Links[School],Team_Links[PartialLink],,0,1) -> alabama-am | E6: =_xlfn.IMAGE(_xlfn.CONCAT("https://cdn.ssref.net/req/202510241/tlogo/ncaa/",TEXT(Teams[[#This Row],[Hyperlink Name]],),"-2025.png")) -> #VALUE!
A7: 12 | B7: South | C7: Alabama State | D7: =_xlfn.XLOOKUP(Teams[[#This Row],[Team]],Team_Links[School],Team_Links[PartialLink],,0,1) -> alabama-state | E7: =_xlfn.IMAGE(_xlfn.CONCAT("https://cdn.ssref.net/req/202510241/tlogo/ncaa/",TEXT(Teams[[#This Row],[Hyperlink Name]],),"-2025.png")) -> #VALUE!
A8: 4 | B8: South | C8: Albany (NY) | D8: =_xlfn.XLOOKUP(Teams[[#This Row],[Team]],Team_Links[School],Team_Links[PartialLink],,0,1) -> albany-ny | E8: =_xlfn.IMAGE(_xlfn.CONCAT("https://cdn.ssref.net/req/202510241/tlogo/ncaa/",TEXT(Teams[[#This Row],[Hyperlink Name]],),"-2025.png")) -> #VALUE!
A9: 13 | B9: South | C9: Alcorn State | D9: =_xlfn.XLOOKUP(Teams[[#This Row],[Team]],Team_Links[School],Team_Links[PartialLink],,0,1) -> alcorn-state | E9: =_xlfn.IMAGE(_xlfn.CONCAT("https://cdn.ssref.net/req/202510241/tlogo/ncaa/",TEXT(Teams[[#This Row],[Hyperlink Name]],),"-2025.png")) -> #VALUE!
A10: 6 | B10: South | C10: American | D10: =_xlfn.XLOOKUP(Teams[[#This Row],[Team]],Team_Links[School],Team_Links[PartialLink],,0,1) -> american | E10: =_xlfn.IMAGE(_xlfn.CONCAT("https://cdn.ssref.net/req/202510241/tlogo/ncaa/",TEXT(Teams[[#This Row],[Hyperlink Name]],),"-2025.png")) -> #VALUE!
A11: 11 | B11: South | C11: Appalachian State | D11: =_xlfn.XLOOKUP(Teams[[#This Row],[Team]],Team_Links[School],Team_Links[PartialLink],,0,1) -> appalachian-state | E11: =_xlfn.IMAGE(_xlfn.CONCAT("https://cdn.ssref.net/req/202510241/tlogo/ncaa/",TEXT(Teams[[#This Row],[Hyperlink Name]],),"-2025.png")) -> #VALUE!
A12: 3 | B12: South | C12: Arizona | D12: =_xlfn.XLOOKUP(Teams[[#This Row],[Team]],Team_Links[School],Team_Links[PartialLink],,0,1) -> arizona | E12: =_xlfn.IMAGE(_xlfn.CONCAT("https://cdn.ssref.net/req/202510241/tlogo/ncaa/",TEXT(Teams[[#This Row],[Hyperlink Name]],),"-2025.png")) -> #VALUE!
A13: 14 | B13: South | C13: Arizona State | D13: =_xlfn.XLOOKUP(Teams[[#This Row],[Team]],Team_Links[School],Team_Links[PartialLink],,0,1) -> arizona-state | E13: =_xlfn.IMAGE(_xlfn.CONCAT("https://cdn.ssref.net/req/202510241/tlogo/ncaa/",TEXT(Teams[[#This Row],[Hyperlink Name]],),"-2025.png")) -> #VALUE!
... A65: 15 | B65: Midwest | C65: Dartmouth | D65: =_xlfn.XLOOKUP(Teams[[#This Row],[Team]],Team_Links[School],Team_Links[PartialLink],,0,1) -> dartmouth | E65: =_xlfn.IMAGE(_xlfn.CONCAT("https://cdn.ssref.net/req/202510241/tlogo/ncaa/",TEXT(Teams[[#This Row],[Hyperlink Name]],),"-2025.png")) -> #VALUE!

Sheet Games
G1: Tournament Picks for Multiple Players | S1: .
C3: Loser | D3: Seed Bonus | E3: Game # | F3: Seed | G3: Pairing | J3: Seed | K3: Score 1 | M3: Score 2 | O3: Winner | Q3: Evaluation
A5: =G5 -> Binghamton | B5: =I5 -> Boise State | C5: =IF(O5="","",IF(A5=O5,B5,A5)) -> Boise State | D5: =IF(SeedType=1,0,IF(SeedType=2,VLOOKUP(O5,SeedInfo,2,FALSE)*1,MAX(VLOOKUP(O5,SeedInfo,2,FALSE)-VLOOKUP(C5,SeedInfo,2,FALSE),0))) -> #REF! | E5: 1 | F5: {=_xlfn.XLOOKUP(G5,Teams[[#All],[Team]],Teams[[#All],[Seed]],0,0,1)} -> 13 | G5: =Teams!C25 -> Binghamton | H5: vs | I5: =Teams!C26 -> Boise State | J5: {=_xlfn.XLOOKUP(I5,Teams[[#All],[Team]],Teams[[#All],[Seed]],0,0,1)} -> 6 | K5: =_xlfn.XLOOKUP(G5,Teams!$C:$C,Teams!$E:$E,,0,1) -> #VALUE! | L5: =RANDBETWEEN(90,120) -> 118 | M5: =_xlfn.XLOOKUP(I5,Teams!$C:$C,Teams!$E:$E,,0,1) -> #VALUE! | N5: =RANDBETWEEN(90,120) -> 110 | O5: =IF(L5>N5,G5,I5) -> Binghamton | P5: =_xlfn.XLOOKUP(O5,Teams!$C:$C,Teams!$E:$E,,0,1) -> #VALUE! | Q5: Lorem ipsum dolor sit amet, consectetur adipiscing elit, sed do eiusmod tempor incididunt ut labore et dolore magna aliqua. | R5: =IF( O5=G5, IF(F5>J5,TRUE,FALSE), IF(J5>F5,TRUE,FALSE)) -> TRUE
A6: =G6 -> Boston College | B6: =I6 -> Florida | C6: =IF(O6="","",IF(A6=O6,B6,A6)) -> Boston College | D6: =IF(SeedType=1,0,IF(SeedType=2,VLOOKUP(O6,SeedInfo,2,FALSE)*1,MAX(VLOOKUP(O6,SeedInfo,2,FALSE)-VLOOKUP(C6,SeedInfo,2,FALSE),0))) -> #REF! | E6: 2 | F6: {=_xlfn.XLOOKUP(G6,Teams[[#All],[Team]],Teams[[#All],[Seed]],0,0,1)} -> 11 | G6: =Teams!C27 -> Boston College | H6: vs | I6: =Teams!C28 -> Florida | J6: {=_xlfn.XLOOKUP(I6,Teams[[#All],[Team]],Teams[[#All],[Seed]],0,0,1)} -> 3 | K6: =_xlfn.XLOOKUP(G6,Teams!$C:$C,Teams!$E:$E,,0,1) -> #VALUE! | L6: =RANDBETWEEN(90,120) -> 110 | M6: =_xlfn.XLOOKUP(I6,Teams!$C:$C,Teams!$E:$E,,0,1) -> #VALUE! | N6: =RANDBETWEEN(90,120) -> 120 | O6: =IF(L6>N6,G6,I6) -> Florida | P6: =_xlfn.XLOOKUP(O6,Teams!$C:$C,Teams!$E:$E,,0,1) -> #VALUE! | Q6: Lorem ipsum dolor sit amet, consectetur adipiscing elit, sed do eiusmod tempor incididunt ut labore et dolore magna aliqua. | R6: =IF( O6=G6, IF(F6>J6,TRUE,FALSE), IF(J6>F6,TRUE,FALSE)) -> FALSE
A7: =G7 -> Duke | B7: =I7 -> Bradley | C7: =IF(O7="","",IF(A7=O7,B7,A7)) -> Duke | D7: =IF(SeedType=1,0,IF(SeedType=2,VLOOKUP(O7,SeedInfo,2,FALSE)*1,MAX(VLOOKUP(O7,SeedInfo,2,FALSE)-VLOOKUP(C7,SeedInfo,2,FALSE),0))) -> #REF! | E7: 3 | F7: {=_xlfn.XLOOKUP(G7,Teams[[#All],[Team]],Teams[[#All],[Seed]],0,0,1)} -> 14 | G7: =Teams!C29 -> Duke | H7: vs | I7: =Teams!C30 -> Bradley | J7: {=_xlfn.XLOOKUP(I7,Teams[[#All],[Team]],Teams[[#All],[Seed]],0,0,1)} -> 7 | K7: =_xlfn.XLOOKUP(G7,Teams!$C:$C,Teams!$E:$E,,0,1) -> #VALUE! | L7: =RANDBETWEEN(90,120) -> 94 | M7: =_xlfn.XLOOKUP(I7,Teams!$C:$C,Teams!$E:$E,,0,1) -> #VALUE! | N7: =RANDBETWEEN(90,120) -> 112 | O7: =IF(L7>N7,G7,I7) -> Bradley | P7: =_xlfn.XLOOKUP(O7,Teams!$C:$C,Teams!$E:$E,,0,1) -> #VALUE! | Q7: Lorem ipsum dolor sit amet, consectetur adipiscing elit, sed do eiusmod tempor incididunt ut labore et dolore magna aliqua. | R7: =IF( O7=G7, IF(F7>J7,TRUE,FALSE), IF(J7>F7,TRUE,FALSE)) -> FALSE
A8: =G8 -> Brigham Young | B8: =I8 -> Brown | C8: =IF(O8="","",IF(A8=O8,B8,A8)) -> Brown | D8: =IF(SeedType=1,0,IF(SeedType=2,VLOOKUP(O8,SeedInfo,2,FALSE)*1,MAX(VLOOKUP(O8,SeedInfo,2,FALSE)-VLOOKUP(C8,SeedInfo,2,FALSE),0))) -> #REF! | E8: 4 | F8: {=_xlfn.XLOOKUP(G8,Teams[[#All],[Team]],Teams[[#All],[Seed]],0,0,1)} -> 10 | G8: =Teams!C31 -> Brigham Young | H8: vs | I8: =Teams!C32 -> Brown | J8: {=_xlfn.XLOOKUP(I8,Teams[[#All],[Team]],Teams[[#All],[Seed]],0,0,1)} -> 2 | K8: =_xlfn.XLOOKUP(G8,Teams!$C:$C,Teams!$E:$E,,0,1) -> #VALUE! | L8: =RANDBETWEEN(90,120) -> 117 | M8: =_xlfn.XLOOKUP(I8,Teams!$C:$C,Teams!$E:$E,,0,1) -> #VALUE! | N8: =RANDBETWEEN(90,120) -> 111 | O8: =IF(L8>N8,G8,I8) -> Brigham Young | P8: =_xlfn.XLOOKUP(O8,Teams!$C:$C,Teams!$E:$E,,0,1) -> #VALUE! | Q8: Lorem ipsum dolor sit amet, consectetur adipiscing elit, sed do eiusmod tempor incididunt ut labore et dolore magna aliqua. | R8: =IF( O8=G8, IF(F8>J8,TRUE,FALSE), IF(J8>F8,TRUE,FALSE)) -> TRUE
E9: Game # | F9: First Round | O9: Winner
A10: =G10 -> Abilene Christian | B10: =I10 -> Air Force | C10: =IF(O10="","",IF(A10=O10,B10,A10)) -> Air Force | D10: =IF(SeedType=1,0,IF(SeedType=2,VLOOKUP(O10,SeedInfo,2,FALSE)*1,MAX(VLOOKUP(O10,SeedInfo,2,FALSE)-VLOOKUP(C10,SeedInfo,2,FALSE),0))) -> #REF! | E10: 1 | F10: {=_xlfn.XLOOKUP(G10,Teams[[#All],[Team]],Teams[[#All],[Seed]],0,0,1)} -> 1 | G10: =Teams!C2 -> Abilene Christian | H10: vs | I10: =Teams!C3 -> Air Force | J10: {=_xlfn.XLOOKUP(I10,Teams[[#All],[Team]],Teams[[#All],[Seed]],0,0,1)} -> 16 | K10: =_xlfn.XLOOKUP(G10,Teams!$C:$C,Teams!$E:$E,,0,1) -> #VALUE! | L10: =RANDBETWEEN(90,120) -> 115 | M10: =_xlfn.XLOOKUP(I10,Teams!$C:$C,Teams!$E:$E,,0,1) -> #VALUE! | N10: =RANDBETWEEN(90,120) -> 111 | O10: =IF(L10>N10,G10,I10) -> Abilene Christian | P10: =_xlfn.XLOOKUP(O10,Teams!$C:$C,Teams!$E:$E,,0,1) -> #VALUE! | Q10: Lorem ipsum dolor sit amet, consectetur adipiscing elit, sed do eiusmod tempor incididunt ut labore et dolore magna aliqua. | R10: =IF( O10=G10, IF(F10>J10,TRUE,FALSE), IF(J10>F10,TRUE,FALSE)) -> FALSE
A11: =G11 -> Akron | B11: =I11 -> Alabama | C11: =IF(O11="","",IF(A11=O11,B11,A11)) -> Akron | D11: =IF(SeedType=1,0,IF(SeedType=2,VLOOKUP(O11,SeedInfo,2,FALSE)*1,MAX(VLOOKUP(O11,SeedInfo,2,FALSE)-VLOOKUP(C11,SeedInfo,2,FALSE),0))) -> #REF! | E11: 2 | F11: {=_xlfn.XLOOKUP(G11,Teams[[#All],[Team]],Teams[[#All],[Seed]],0,0,1)} -> 8 | G11: =Teams!C4 -> Akron | H11: vs | I11: =Teams!C5 -> Alabama | J11: {=_xlfn.XLOOKUP(I11,Teams[[#All],[Team]],Teams[[#All],[Seed]],0,0,1)} -> 9 | K11: =_xlfn.XLOOKUP(G11,Teams!$C:$C,Teams!$E:$E,,0,1) -> #VALUE! | L11: =RANDBETWEEN(90,120) -> 97 | M11: =_xlfn.XLOOKUP(I11,Teams!$C:$C,Teams!$E:$E,,0,1) -> #VALUE! | N11: =RANDBETWEEN(90,120) -> 120 | O11: =IF(L11>N11,G11,I11) -> Alabama | P11: =_xlfn.XLOOKUP(O11,Teams!$C:$C,Teams!$E:$E,,0,1) -> #VALUE! | Q11: Lorem ipsum dolor sit amet, consectetur adipiscing elit, sed do eiusmod tempor incididunt ut labore et dolore magna aliqua. | R11: =IF( O11=G11, IF(F11>J11,TRUE,FALSE), IF(J11>F11,TRUE,FALSE)) -> TRUE
A12: =G12 -> Alabama A&M | B12: =I12 -> Arizona | C12: =IF(O12="","",IF(A12=O12,B12,A12)) -> Alabama A&M | D12: =IF(SeedType=1,0,IF(SeedType=2,VLOOKUP(O12,SeedInfo,2,FALSE)*1,MAX(VLOOKUP(O12,SeedInfo,2,FALSE)-VLOOKUP(C12,SeedInfo,2,FALSE),0))) -> #REF! | E12: 3 | F12: {=_xlfn.XLOOKUP(G12,Teams[[#All],[Team]],Teams[[#All],[Seed]],0,0,1)} -> 5 | G12: =Teams!C6 -> Alabama A&M | H12: vs | I12: =Teams[[#This Row],[Team]] -> Arizona | J12: {=_xlfn.XLOOKUP(I12,Teams[[#All],[Team]],Teams[[#All],[Seed]],0,0,1)} -> 3 | K12: =_xlfn.XLOOKUP(G12,Teams!$C:$C,Teams!$E:$E,,0,1) -> #VALUE! | L12: =RANDBETWEEN(90,120) -> 95 | M12: =_xlfn.XLOOKUP(I12,Teams!$C:$C,Teams!$E:$E,,0,1) -> #VALUE! | N12: =RANDBETWEEN(90,120) -> 120 | O12: =IF(L12>N12,G12,I12) -> Arizona | P12: =_xlfn.XLOOKUP(O12,Teams!$C:$C,Teams!$E:$E,,0,1) -> #VALUE! | Q12: Lorem ipsum dolor sit amet, consectetur adipiscing elit, sed do eiusmod tempor incididunt ut labore et dolore magna aliqua. | R12: =IF( O12=G12, IF(F12>J12,TRUE,FALSE), IF(J12>F12,TRUE,FALSE)) -> FALSE
A13: =G13 -> Arizona State | B13: =I13 -> Alcorn State | C13: =IF(O13="","",IF(A13=O13,B13,A13)) -> Arizona State | D13: =IF(SeedType=1,0,IF(SeedType=2,VLOOKUP(O13,SeedInfo,2,FALSE)*1,MAX(VLOOKUP(O13,SeedInfo,2,FALSE)-VLOOKUP(C13,SeedInfo,2,FALSE),0))) -> #REF! | E13: 4 | F13: {=_xlfn.XLOOKUP(G13,Teams[[#All],[Team]],Teams[[#All],[Seed]],0,0,1)} -> 14 | G13: =Teams[[#This Row],[Team]] -> Arizona State | H13: vs | I13: =Teams!C9 -> Alcorn State | J13: {=_xlfn.XLOOKUP(I13,Teams[[#All],[Team]],Teams[[#All],[Seed]],0,0,1)} -> 13 | K13: =_xlfn.XLOOKUP(G13,Teams!$C:$C,Teams!$E:$E,,0,1) -> #VALUE! | L13: =RANDBETWEEN(90,120) -> 103 | M13: =_xlfn.XLOOKUP(I13,Teams!$C:$C,Teams!$E:$E,,0,1) -> #VALUE! | N13: =RANDBETWEEN(90,120) -> 112 | O13: =IF(L13>N13,G13,I13) -> Alcorn State | P13: =_xlfn.XLOOKUP(O13,Teams!$C:$C,Teams!$E:$E,,0,1) -> #VALUE! | Q13: Lorem ipsum dolor sit amet, consectetur adipiscing elit, sed do eiusmod tempor incididunt ut labore et dolore magna aliqua. | R13: =IF( O13=G13, IF(F13>J13,TRUE,FALSE), IF(J13>F13,TRUE,FALSE)) -> FALSE
A14: =G14 -> American | B14: =I14 -> Appalachian State | C14: =IF(O14="","",IF(A14=O14,B14,A14)) -> American | D14: =IF(SeedType=1,0,IF(SeedType=2,VLOOKUP(O14,SeedInfo,2,FALSE)*1,MAX(VLOOKUP(O14,SeedInfo,2,FALSE)-VLOOKUP(C14,SeedInfo,2,FALSE),0))) -> #REF! | E14: 5 | F14: {=_xlfn.XLOOKUP(G14,Teams[[#All],[Team]],Teams[[#All],[Seed]],0,0,1)} -> 6 | G14: =Teams!C10 -> American | H14: vs | I14: =Teams!C11 -> Appalachian State | J14: {=_xlfn.XLOOKUP(I14,Teams[[#All],[Team]],Teams[[#All],[Seed]],0,0,1)} -> 11 | K14: =_xlfn.XLOOKUP(G14,Teams!$C:$C,Teams!$E:$E,,0,1) -> #VALUE! | L14: =RANDBETWEEN(90,120) -> 106 | M14: =_xlfn.XLOOKUP(I14,Teams!$C:$C,Teams!$E:$E,,0,1) -> #VALUE! | N14: =RANDBETWEEN(90,120) -> 120 | O14: =IF(L14>N14,G14,I14) -> Appalachian State | P14: =_xlfn.XLOOKUP(O14,Teams!$C:$C,Teams!$E:$E,,0,1) -> #VALUE! | Q14: Lorem ipsum dolor sit amet, consectetur adipiscing elit, sed do eiusmod tempor incididunt ut labore et dolore magna aliqua. | R14: =IF( O14=G14, IF(F14>J14,TRUE,FALSE), IF(J14>F14,TRUE,FALSE)) -> TRUE
A15: =G15 -> Arizona | B15: =I15 -> Arizona State | C15: =IF(O15="","",IF(A15=O15,B15,A15)) -> Arizona | D15: =IF(SeedType=1,0,IF(SeedType=2,VLOOKUP(O15,SeedInfo,2,FALSE)*1,MAX(VLOOKUP(O15,SeedInfo,2,FALSE)-VLOOKUP(C15,SeedInfo,2,FALSE),0))) -> #REF! | E15: 6 | F15: {=_xlfn.XLOOKUP(G15,Teams[[#All],[Team]],Teams[[#All],[Seed]],0,0,1)} -> 3 | G15: =Teams!C12 -> Arizona | H15: vs | I15: =Teams!C13 -> Arizona State | J15: {=_xlfn.XLOOKUP(I15,Teams[[#All],[Team]],Teams[[#All],[Seed]],0,0,1)} -> 14 | K15: =_xlfn.XLOOKUP(G15,Teams!$C:$C,Teams!$E:$E,,0,1) -> #VALUE! | L15: =RANDBETWEEN(90,120) -> 95 | M15: =_xlfn.XLOOKUP(I15,Teams!$C:$C,Teams!$E:$E,,0,1) -> #VALUE! | N15: =RANDBETWEEN(90,120) -> 115 | O15: =IF(L15>N15,G15,I15) -> Arizona State | P15: =_xlfn.XLOOKUP(O15,Teams!$C:$C,Teams!$E:$E,,0,1) -> #VALUE! | Q15: Lorem ipsum dolor sit amet, consectetur adipiscing elit, sed do eiusmod tempor incididunt ut labore et dolore magna aliqua. | R15: =IF( O15=G15, IF(F15>J15,TRUE,FALSE), IF(J15>F15,TRUE,FALSE)) -> TRUE
A16: =G16 -> Arkansas | B16: =I16 -> Arkansas State | C16: =IF(O16="","",IF(A16=O16,B16,A16)) -> Arkansas State | D16: =IF(SeedType=1,0,IF(SeedType=2,VLOOKUP(O16,SeedInfo,2,FALSE)*1,MAX(VLOOKUP(O16,SeedInfo,2,FALSE)-VLOOKUP(C16,SeedInfo,2,FALSE),0))) -> #REF! | E16: 7 | F16: {=_xlfn.XLOOKUP(G16,Teams[[#All],[Team]],Teams[[#All],[Seed]],0,0,1)} -> 7 | G16: =Teams!C14 -> Arkansas | H16: vs | I16: =Teams!C15 -> Arkansas State | J16: {=_xlfn.XLOOKUP(I16,Teams[[#All],[Team]],Teams[[#All],[Seed]],0,0,1)} -> 10 | K16: =_xlfn.XLOOKUP(G16,Teams!$C:$C,Teams!$E:$E,,0,1) -> #VALUE! | L16: =RANDBETWEEN(90,120) -> 117 | M16: =_xlfn.XLOOKUP(I16,Teams!$C:$C,Teams!$E:$E,,0,1) -> #VALUE! | N16: =RANDBETWEEN(90,120) -> 105 | O16: =IF(L16>N16,G16,I16) -> Arkansas | P16: =_xlfn.XLOOKUP(O16,Teams!$C:$C,Teams!$E:$E,,0,1) -> #VALUE! | Q16: Lorem ipsum dolor sit amet, consectetur adipiscing elit, sed do eiusmod tempor incididunt ut labore et dolore magna aliqua. | R16: =IF( O16=G16, IF(F16>J16,TRUE,FALSE), IF(J16>F16,TRUE,FALSE)) -> FALSE
A17: =G17 -> Arkansas-Pine Bluff | B17: =I17 -> Army | C17: =IF(O17="","",IF(A17=O17,B17,A17)) -> Arkansas-Pine Bluff | D17: =IF(SeedType=1,0,IF(SeedType=2,VLOOKUP(O17,SeedInfo,2,FALSE)*1,MAX(VLOOKUP(O17,SeedInfo,2,FALSE)-VLOOKUP(C17,SeedInfo,2,FALSE),0))) -> #REF! | E17: 8 | F17: {=_xlfn.XLOOKUP(G17,Teams[[#All],[Team]],Teams[[#All],[Seed]],0,0,1)} -> 2 | G17: =Teams!C16 -> Arkansas-Pine Bluff | H17: vs | I17: =Teams!C17 -> Army | J17: {=_xlfn.XLOOKUP(I17,Teams[[#All],[Team]],Teams[[#All],[Seed]],0,0,1)} -> 15 | K17: =_xlfn.XLOOKUP(G17,Teams!$C:$C,Teams!$E:$E,,0,1) -> #VALUE! | L17: =RANDBETWEEN(90,120) -> 96 | M17: =_xlfn.XLOOKUP(I17,Teams!$C:$C,Teams!$E:$E,,0,1) -> #VALUE! | N17: =RANDBETWEEN(90,120) -> 114 | O17: =IF(L17>N17,G17,I17) -> Army | P17: =_xlfn.XLOOKUP(O17,Teams!$C:$C,Teams!$E:$E,,0,1) -> #VALUE! | Q17: Lorem ipsum dolor sit amet, consectetur adipiscing elit, sed do eiusmod tempor incididunt ut labore et dolore magna aliqua. | R17: =IF( O17=G17, IF(F17>J17,TRUE,FALSE), IF(J17>F17,TRUE,FALSE)) -> TRUE
A18: =G18 -> Auburn | B18: =I18 -> Austin Peay | C18: =IF(O18="","",IF(A18=O18,B18,A18)) -> Austin Peay | D18: =IF(SeedType=1,0,IF(SeedType=2,VLOOKUP(O18,SeedInfo,2,FALSE)*1,MAX(VLOOKUP(O18,SeedInfo,2,FALSE)-VLOOKUP(C18,SeedInfo,2,FALSE),0))) -> #REF! | E18: 9 | F18: {=_xlfn.XLOOKUP(G18,Teams[[#All],[Team]],Teams[[#All],[Seed]],0,0,1)} -> 1 | G18: =Teams!C18 -> Auburn | H18: vs | I18: =Teams!C19 -> Austin Peay | J18: {=_xlfn.XLOOKUP(I18,Teams[[#All],[Team]],Teams[[#All],[Seed]],0,0,1)} -> 16 | K18: =_xlfn.XLOOKUP(G18,Teams!$C:$C,Teams!$E:$E,,0,1) -> #VALUE! | L18: =RANDBETWEEN(90,120) -> 113 | M18: =_xlfn.XLOOKUP(I18,Teams!$C:$C,Teams!$E:$E,,0,1) -> #VALUE! | N18: =RANDBETWEEN(90,120) -> 91 | O18: =IF(L18>N18,G18,I18) -> Auburn | P18: =_xlfn.XLOOKUP(O18,Teams!$C:$C,Teams!$E:$E,,0,1) -> #VALUE! | Q18: Lorem ipsum dolor sit amet, consectetur adipiscing elit, sed do eiusmod tempor incididunt ut labore et dolore magna aliqua. | R18: =IF( O18=G18, IF(F18>J18,TRUE,FALSE), IF(J18>F18,TRUE,FALSE)) -> FALSE
A19: =G19 -> Ball State | B19: =I19 -> Baylor | C19: =IF(O19="","",IF(A19=O19,B19,A19)) -> Ball State | D19: =IF(SeedType=1,0,IF(SeedType=2,VLOOKUP(O19,SeedInfo,2,FALSE)*1,MAX(VLOOKUP(O19,SeedInfo,2,FALSE)-VLOOKUP(C19,SeedInfo,2,FALSE),0))) -> #REF! | E19: 10 | F19: {=_xlfn.XLOOKUP(G19,Teams[[#All],[Team]],Teams[[#All],[Seed]],0,0,1)} -> 8 | G19: =Teams!C20 -> Ball State | H19: vs | I19: =Teams!C21 -> Baylor | J19: {=_xlfn.XLOOKUP(I19,Teams[[#All],[Team]],Teams[[#All],[Seed]],0,0,1)} -> 9 | K19: =_xlfn.XLOOKUP(G19,Teams!$C:$C,Teams!$E:$E,,0,1) -> #VALUE! | L19: =RANDBETWEEN(90,120) -> 90 | M19: =_xlfn.XLOOKUP(I19,Teams!$C:$C,Teams!$E:$E,,0,1) -> #VALUE! | N19: =RANDBETWEEN(90,120) -> 90 | O19: =IF(L19>N19,G19,I19) -> Baylor | P19: =_xlfn.XLOOKUP(O19,Teams!$C:$C,Teams!$E:$E,,0,1) -> #VALUE! | Q19: Lorem ipsum dolor sit amet, consectetur adipiscing elit, sed do eiusmod tempor incididunt ut labore et dolore magna aliqua. | R19: =IF( O19=G19, IF(F19>J19,TRUE,FALSE), IF(J19>F19,TRUE,FALSE)) -> TRUE
A20: =G20 -> Bellarmine | B20: =I20 -> Belmont | C20: =IF(O20="","",IF(A20=O20,B20,A20)) -> Bellarmine | D20: =IF(SeedType=1,0,IF(SeedType=2,VLOOKUP(O20,SeedInfo,2,FALSE)*1,MAX(VLOOKUP(O20,SeedInfo,2,FALSE)-VLOOKUP(C20,SeedInfo,2,FALSE),0))) -> #REF! | E20: 11 | F20: {=_xlfn.XLOOKUP(G20,Teams[[#All],[Team]],Teams[[#All],[Seed]],0,0,1)} -> 5 | G20: =Teams!C22 -> Bellarmine | H20: vs | I20: =Teams!C23 -> Belmont | J20: {=_xlfn.XLOOKUP(I20,Teams[[#All],[Team]],Teams[[#All],[Seed]],0,0,1)} -> 12 | K20: =_xlfn.XLOOKUP(G20,Teams!$C:$C,Teams!$E:$E,,0,1) -> #VALUE! | L20: =RANDBETWEEN(90,120) -> 113 | M20: =_xlfn.XLOOKUP(I20,Teams!$C:$C,Teams!$E:$E,,0,1) -> #VALUE! | N20: =RANDBETWEEN(90,120) -> 119 | O20: =IF(L20>N20,G20,I20) -> Belmont | P20: =_xlfn.XLOOKUP(O20,Teams!$C:$C,Teams!$E:$E,,0,1) -> #VALUE! | Q20: Lorem ipsum dolor sit amet, consectetur adipiscing elit, sed do eiusmod tempor incididunt ut labore et dolore magna aliqua. | R20: =IF( O20=G20, IF(F20>J20,TRUE,FALSE), IF(J20>F20,TRUE,FALSE)) -> TRUE
A21: =G21 -> Bethune-Cookman | B21: =I21 -> Binghamton | C21: =IF(O21="","",IF(A21=O21,B21,A21)) -> Binghamton | D21: =IF(SeedType=1,0,IF(SeedType=2,VLOOKUP(O21,SeedInfo,2,FALSE)*1,MAX(VLOOKUP(O21,SeedInfo,2,FALSE)-VLOOKUP(C21,SeedInfo,2,FALSE),0))) -> #REF! | E21: 12 | F21: {=_xlfn.XLOOKUP(G21,Teams[[#All],[Team]],Teams[[#All],[Seed]],0,0,1)} -> 4 | G21: =Teams!C24 -> Bethune-Cookman | H21: vs | I21: =Teams!C25 -> Binghamton | J21: {=_xlfn.XLOOKUP(I21,Teams[[#All],[Team]],Teams[[#All],[Seed]],0,0,1)} -> 13 | K21: =_xlfn.XLOOKUP(G21,Teams!$C:$C,Teams!$E:$E,,0,1) -> #VALUE! | L21: =RANDBETWEEN(90,120) -> 106 | M21: =_xlfn.XLOOKUP(I21,Teams!$C:$C,Teams!$E:$E,,0,1) -> #VALUE! | N21: =RANDBETWEEN(90,120) -> 90 | O21: =IF(L21>N21,G21,I21) -> Bethune-Cookman | P21: =_xlfn.XLOOKUP(O21,Teams!$C:$C,Teams!$E:$E,,0,1) -> #VALUE! | Q21: Lorem ipsum dolor sit amet, consectetur adipiscing elit, sed do eiusmod tempor incididunt ut labore et dolore magna aliqua. | R21: =IF( O21=G21, IF(F21>J21,TRUE,FALSE), IF(J21>F21,TRUE,FALSE)) -> FALSE
A22: =G22 -> Boise State | B22: =I22 -> Boston College | C22: =IF(O22="","",IF(A22=O22,B22,A22)) -> Boston College | D22: =IF(SeedType=1,0,IF(SeedType=2,VLOOKUP(O22,SeedInfo,2,FALSE)*1,MAX(VLOOKUP(O22,SeedInfo,2,FALSE)-VLOOKUP(C22,SeedInfo,2,FALSE),0))) -> #REF! | E22: 13 | F22: {=_xlfn.XLOOKUP(G22,Teams[[#All],[Team]],Teams[[#All],[Seed]],0,0,1)} -> 6 | G22: =Teams!C26 -> Boise State | H22: vs | I22: =Teams!C27 -> Boston College | J22: {=_xlfn.XLOOKUP(I22,Teams[[#All],[Team]],Teams[[#All],[Seed]],0,0,1)} -> 11 | K22: =_xlfn.XLOOKUP(G22,Teams!$C:$C,Teams!$E:$E,,0,1) -> #VALUE! | L22: =RANDBETWEEN(90,120) -> 106 | M22: =_xlfn.XLOOKUP(I22,Teams!$C:$C,Teams!$E:$E,,0,1) -> #VALUE! | N22: =RANDBETWEEN(90,120) -> 104 | O22: =IF(L22>N22,G22,I22) -> Boise State | P22: =_xlfn.XLOOKUP(O22,Teams!$C:$C,Teams!$E:$E,,0,1) -> #VALUE! | Q22: Lorem ipsum dolor sit amet, consectetur adipiscing elit, sed do eiusmod tempor incididunt ut labore et dolore magna aliqua. | R22: =IF( O22=G22, IF(F22>J22,TRUE,FALSE), IF(J22>F22,TRUE,FALSE)) -> FALSE
A23: =G23 -> Florida | B23: =I23 -> Duke | C23: =IF(O23="","",IF(A23=O23,B23,A23)) -> Florida | D23: =IF(SeedType=1,0,IF(SeedType=2,VLOOKUP(O23,SeedInfo,2,FALSE)*1,MAX(VLOOKUP(O23,SeedInfo,2,FALSE)-VLOOKUP(C23,SeedInfo,2,FALSE),0))) -> #REF! | E23: 14 | F23: {=_xlfn.XLOOKUP(G23,Teams[[#All],[Team]],Teams[[#All],[Seed]],0,0,1)} -> 3 | G23: =Teams!C28 -> Florida | H23: vs | I23: =Teams!C29 -> Duke | J23: {=_xlfn.XLOOKUP(I23,Teams[[#All],[Team]],Teams[[#All],[Seed]],0,0,1)} -> 14 | K23: =_xlfn.XLOOKUP(G23,Teams!$C:$C,Teams!$E:$E,,0,1) -> #VALUE! | L23: =RANDBETWEEN(90,120) -> 110 | M23: =_xlfn.XLOOKUP(I23,Teams!$C:$C,Teams!$E:$E,,0,1) -> #VALUE! | N23: =RANDBETWEEN(90,120) -> 117 | O23: =IF(L23>N23,G23,I23) -> Duke | P23: =_xlfn.XLOOKUP(O23,Teams!$C:$C,Teams!$E:$E,,0,1) -> #VALUE! | Q23: Lorem ipsum dolor sit amet, consectetur adipiscing elit, sed do eiusmod tempor incididunt ut labore et dolore magna aliqua. | R23: =IF( O23=G23, IF(F23>J23,TRUE,FALSE), IF(J23>F23,TRUE,FALSE)) -> TRUE
A24: =G24 -> Bradley | B24: =I24 -> Brigham Young | C24: =IF(O24="","",IF(A24=O24,B24,A24)) -> Bradley | D24: =IF(SeedType=1,0,IF(SeedType=2,VLOOKUP(O24,SeedInfo,2,FALSE)*1,MAX(VLOOKUP(O24,SeedInfo,2,FALSE)-VLOOKUP(C24,SeedInfo,2,FALSE),0))) -> #REF! | E24: 15 | F24: {=_xlfn.XLOOKUP(G24,Teams[[#All],[Team]],Teams[[#All],[Seed]],0,0,1)} -> 7 | G24: =Teams!C30 -> Bradley | H24: vs | I24: =Teams!C31 -> Brigham Young | J24: {=_xlfn.XLOOKUP(I24,Teams[[#All],[Team]],Teams[[#All],[Seed]],0,0,1)} -> 10 | K24: =_xlfn.XLOOKUP(G24,Teams!$C:$C,Teams!$E:$E,,0,1) -> #VALUE! | L24: =RANDBETWEEN(90,120) -> 99 | M24: =_xlfn.XLOOKUP(I24,Teams!$C:$C,Teams!$E:$E,,0,1) -> #VALUE! | N24: =RANDBETWEEN(90,120) -> 110 | O24: =IF(L24>N24,G24,I24) -> Brigham Young | P24: =_xlfn.XLOOKUP(O24,Teams!$C:$C,Teams!$E:$E,,0,1) -> #VALUE! | Q24: Lorem ipsum dolor sit amet, consectetur adipiscing elit, sed do eiusmod tempor incididunt ut labore et dolore magna aliqua. | R24: =IF( O24=G24, IF(F24>J24,TRUE,FALSE), IF(J24>F24,TRUE,FALSE)) -> TRUE
A25: =G25 -> Brown | B25: =I25 -> Bryant | C25: =IF(O25="","",IF(A25=O25,B25,A25)) -> Brown | D25: =IF(SeedType=1,0,IF(SeedType=2,VLOOKUP(O25,SeedInfo,2,FALSE)*1,MAX(VLOOKUP(O25,SeedInfo,2,FALSE)-VLOOKUP(C25,SeedInfo,2,FALSE),0))) -> #REF! | E25: 16 | F25: {=_xlfn.XLOOKUP(G25,Teams[[#All],[Team]],Teams[[#All],[Seed]],0,0,1)} -> 2 | G25: =Teams!C32 -> Brown | H25: vs | I25: =Teams!C33 -> Bryant | J25: {=_xlfn.XLOOKUP(I25,Teams[[#All],[Team]],Teams[[#All],[Seed]],0,0,1)} -> 15 | K25: =_xlfn.XLOOKUP(G25,Teams!$C:$C,Teams!$E:$E,,0,1) -> #VALUE! | L25: =RANDBETWEEN(90,120) -> 107 | M25: =_xlfn.XLOOKUP(I25,Teams!$C:$C,Teams!$E:$E,,0,1) -> #VALUE! | N25: =RANDBETWEEN(90,120) -> 107 | O25: =IF(L25>N25,G25,I25) -> Bryant | P25: =_xlfn.XLOOKUP(O25,Teams!$C:$C,Teams!$E:$E,,0,1) -> #VALUE! | Q25: Lorem ipsum dolor sit amet, consectetur adipiscing elit, sed do eiusmod tempor incididunt ut labore et dolore magna aliqua. | R25: =IF( O25=G25, IF(F25>J25,TRUE,FALSE), IF(J25>F25,TRUE,FALSE)) -> TRUE
A26: =G26 -> Bucknell | B26: =I26 -> Buffalo | C26: =IF(O26="","",IF(A26=O26,B26,A26)) -> Buffalo | D26: =IF(SeedType=1,0,IF(SeedType=2,VLOOKUP(O26,SeedInfo,2,FALSE)*1,MAX(VLOOKUP(O26,SeedInfo,2,FALSE)-VLOOKUP(C26,SeedInfo,2,FALSE),0))) -> #REF! | E26: 17 | F26: {=_xlfn.XLOOKUP(G26,Teams[[#All],[Team]],Teams[[#All],[Seed]],0,0,1)} -> 1 | G26: =Teams!C34 -> Bucknell | H26: vs | I26: =Teams!C35 -> Buffalo | J26: {=_xlfn.XLOOKUP(I26,Teams[[#All],[Team]],Teams[[#All],[Seed]],0,0,1)} -> 16 | K26: =_xlfn.XLOOKUP(G26,Teams!$C:$C,Teams!$E:$E,,0,1) -> #VALUE! | L26: =RANDBETWEEN(90,120) -> 118 | M26: =_xlfn.XLOOKUP(I26,Teams!$C:$C,Teams!$E:$E,,0,1) -> #VALUE! | N26: =RANDBETWEEN(90,120) -> 98 | O26: =IF(L26>N26,G26,I26) -> Bucknell | P26: =_xlfn.XLOOKUP(O26,Teams!$C:$C,Teams!$E:$E,,0,1) -> #VALUE! | Q26: Lorem ipsum dolor sit amet, consectetur adipiscing elit, sed do eiusmod tempor incididunt ut labore et dolore magna aliqua. | R26: =IF( O26=G26, IF(F26>J26,TRUE,FALSE), IF(J26>F26,TRUE,FALSE)) -> FALSE
A27: =G27 -> Butler | B27: =I27 -> Cal Poly | C27: =IF(O27="","",IF(A27=O27,B27,A27)) -> Cal Poly | D27: =IF(SeedType=1,0,IF(SeedType=2,VLOOKUP(O27,SeedInfo,2,FALSE)*1,MAX(VLOOKUP(O27,SeedInfo,2,FALSE)-VLOOKUP(C27,SeedInfo,2,FALSE),0))) -> #REF! | E27: 18 | F27: {=_xlfn.XLOOKUP(G27,Teams[[#All],[Team]],Teams[[#All],[Seed]],0,0,1)} -> 8 | G27: =Teams!C36 -> Butler | H27: vs | I27: =Teams!C37 -> Cal Poly | J27: {=_xlfn.XLOOKUP(I27,Teams[[#All],[Team]],Teams[[#All],[Seed]],0,0,1)} -> 9 | K27: =_xlfn.XLOOKUP(G27,Teams!$C:$C,Teams!$E:$E,,0,1) -> #VALUE! | L27: =RANDBETWEEN(90,120) -> 109 | M27: =_xlfn.XLOOKUP(I27,Teams!$C:$C,Teams!$E:$E,,0,1) -> #VALUE! | N27: =RANDBETWEEN(90,120) -> 92 | O27: =IF(L27>N27,G27,I27) -> Butler | P27: =_xlfn.XLOOKUP(O27,Teams!$C:$C,Teams!$E:$E,,0,1) -> #VALUE! | Q27: Lorem ipsum dolor sit amet, consectetur adipiscing elit, sed do eiusmod tempor incididunt ut labore et dolore magna aliqua. | R27: =IF( O27=G27, IF(F27>J27,TRUE,FALSE), IF(J27>F27,TRUE,FALSE)) -> FALSE
A28: =G28 -> Cal State Bakersfield | B28: =I28 -> Cal State Fullerton | C28: =IF(O28="","",IF(A28=O28,B28,A28)) -> Cal State Bakersfield | D28: =IF(SeedType=1,0,IF(SeedType=2,VLOOKUP(O28,SeedInfo,2,FALSE)*1,MAX(VLOOKUP(O28,SeedInfo,2,FALSE)-VLOOKUP(C28,SeedInfo,2,FALSE),0))) -> #REF! | E28: 19 | F28: {=_xlfn.XLOOKUP(G28,Teams[[#All],[Team]],Teams[[#All],[Seed]],0,0,1)} -> 5 | G28: =Teams!C38 -> Cal State Bakersfield | H28: vs | I28: =Teams!C39 -> Cal State Fullerton | J28: {=_xlfn.XLOOKUP(I28,Teams[[#All],[Team]],Teams[[#All],[Seed]],0,0,1)} -> 12 | K28: =_xlfn.XLOOKUP(G28,Teams!$C:$C,Teams!$E:$E,,0,1) -> #VALUE! | L28: =RANDBETWEEN(90,120) -> 91 | M28: =_xlfn.XLOOKUP(I28,Teams!$C:$C,Teams!$E:$E,,0,1) -> #VALUE! | N28: =RANDBETWEEN(90,120) -> 100 | O28: =IF(L28>N28,G28,I28) -> Cal State Fullerton | P28: =_xlfn.XLOOKUP(O28,Teams!$C:$C,Teams!$E:$E,,0,1) -> #VALUE! | Q28: Lorem ipsum dolor sit amet, consectetur adipiscing elit, sed do eiusmod tempor incididunt ut labore et dolore magna aliqua. | R28: =IF( O28=G28, IF(F28>J28,TRUE,FALSE), IF(J28>F28,TRUE,FALSE)) -> TRUE
A29: =G29 -> Cal State Northridge | B29: =I29 -> California | C29: =IF(O29="","",IF(A29=O29,B29,A29)) -> California | D29: =IF(SeedType=1,0,IF(SeedType=2,VLOOKUP(O29,SeedInfo,2,FALSE)*1,MAX(VLOOKUP(O29,SeedInfo,2,FALSE)-VLOOKUP(C29,SeedInfo,2,FALSE),0))) -> #REF! | E29: 20 | F29: {=_xlfn.XLOOKUP(G29,Teams[[#All],[Team]],Teams[[#All],[Seed]],0,0,1)} -> 4 | G29: =Teams!C40 -> Cal State Northridge | H29: vs | I29: =Teams!C41 -> California | J29: {=_xlfn.XLOOKUP(I29,Teams[[#All],[Team]],Teams[[#All],[Seed]],0,0,1)} -> 13 | K29: =_xlfn.XLOOKUP(G29,Teams!$C:$C,Teams!$E:$E,,0,1) -> #VALUE! | L29: =RANDBETWEEN(90,120) -> 116 | M29: =_xlfn.XLOOKUP(I29,Teams!$C:$C,Teams!$E:$E,,0,1) -> #VALUE! | N29: =RANDBETWEEN(90,120) -> 115 | O29: =IF(L29>N29,G29,I29) -> Cal State Northridge | P29: =_xlfn.XLOOKUP(O29,Teams!$C:$C,Teams!$E:$E,,0,1) -> #VALUE! | Q29: Lorem ipsum dolor sit amet, consectetur adipiscing elit, sed do eiusmod tempor incididunt ut labore et dolore magna aliqua. | R29: =IF( O29=G29, IF(F29>J29,TRUE,FALSE), IF(J29>F29,TRUE,FALSE)) -> FALSE
A30: =G30 -> California Baptist | B30: =I30 -> Campbell | C30: =IF(O30="","",IF(A30=O30,B30,A30)) -> Campbell | D30: =IF(SeedType=1,0,IF(SeedType=2,VLOOKUP(O30,SeedInfo,2,FALSE)*1,MAX(VLOOKUP(O30,SeedInfo,2,FALSE)-VLOOKUP(C30,SeedInfo,2,FALSE),0))) -> #REF! | E30: 21 | F30: {=_xlfn.XLOOKUP(G30,Teams[[#All],[Team]],Teams[[#All],[Seed]],0,0,1)} -> 6 | G30: =Teams!C42 -> California Baptist | H30: vs | I30: =Teams!C43 -> Campbell | J30: {=_xlfn.XLOOKUP(I30,Teams[[#All],[Team]],Teams[[#All],[Seed]],0,0,1)} -> 11 | K30: =_xlfn.XLOOKUP(G30,Teams!$C:$C,Teams!$E:$E,,0,1) -> #VALUE! | L30: =RANDBETWEEN(90,120) -> 108 | M30: =_xlfn.XLOOKUP(I30,Teams!$C:$C,Teams!$E:$E,,0,1) -> #VALUE! | N30: =RANDBETWEEN(90,120) -> 94 | O30: =IF(L30>N30,G30,I30) -> California Baptist | P30: =_xlfn.XLOOKUP(O30,Teams!$C:$C,Teams!$E:$E,,0,1) -> #VALUE! | Q30: Lorem ipsum dolor sit amet, consectetur adipiscing elit, sed do eiusmod tempor incididunt ut labore et dolore magna aliqua. | R30: =IF( O30=G30, IF(F30>J30,TRUE,FALSE), IF(J30>F30,TRUE,FALSE)) -> FALSE
A31: =G31 -> Canisius | B31: =I31 -> Central Arkansas | C31: =IF(O31="","",IF(A31=O31,B31,A31)) -> Canisius | D31: =IF(SeedType=1,0,IF(SeedType=2,VLOOKUP(O31,SeedInfo,2,FALSE)*1,MAX(VLOOKUP(O31,SeedInfo,2,FALSE)-VLOOKUP(C31,SeedInfo,2,FALSE),0))) -> #REF! | E31: 22 | F31: {=_xlfn.XLOOKUP(G31,Teams[[#All],[Team]],Teams[[#All],[Seed]],0,0,1)} -> 3 | G31: =Teams!C44 -> Canisius | H31: vs | I31: =Teams!C45 -> Central Arkansas | J31: {=_xlfn.XLOOKUP(I31,Teams[[#All],[Team]],Teams[[#All],[Seed]],0,0,1)} -> 14 | K31: =_xlfn.XLOOKUP(G31,Teams!$C:$C,Teams!$E:$E,,0,1) -> #VALUE! | L31: =RANDBETWEEN(90,120) -> 104 | M31: =_xlfn.XLOOKUP(I31,Teams!$C:$C,Teams!$E:$E,,0,1) -> #VALUE! | N31: =RANDBETWEEN(90,120) -> 116 | O31: =IF(L31>N31,G31,I31) -> Central Arkansas | P31: =_xlfn.XLOOKUP(O31,Teams!$C:$C,Teams!$E:$E,,0,1) -> #VALUE! | Q31: Lorem ipsum dolor sit amet, consectetur adipiscing elit, sed do eiusmod tempor incididunt ut labore et dolore magna aliqua. | R31: =IF( O31=G31, IF(F31>J31,TRUE,FALSE), IF(J31>F31,TRUE,FALSE)) -> TRUE
A32: =G32 -> Central Connecticut State | B32: =I32 -> Central Michigan | C32: =IF(O32="","",IF(A32=O32,B32,A32)) -> Central Connecticut State | D32: =IF(SeedType=1,0,IF(SeedType=2,VLOOKUP(O32,SeedInfo,2,FALSE)*1,MAX(VLOOKUP(O32,SeedInfo,2,FALSE)-VLOOKUP(C32,SeedInfo,2,FALSE),0))) -> #REF! | E32: 23 | F32: {=_xlfn.XLOOKUP(G32,Teams[[#All],[Team]],Teams[[#All],[Seed]],0,0,1)} -> 7 | G32: =Teams!C46 -> Central Connecticut State | H32: vs | I32: =Teams!C47 -> Central Michigan | J32: {=_xlfn.XLOOKUP(I32,Teams[[#All],[Team]],Teams[[#All],[Seed]],0,0,1)} -> 10 | K32: =_xlfn.XLOOKUP(G32,Teams!$C:$C,Teams!$E:$E,,0,1) -> #VALUE! | L32: =RANDBETWEEN(90,120) -> 91 | M32: =_xlfn.XLOOKUP(I32,Teams!$C:$C,Teams!$E:$E,,0,1) -> #VALUE! | N32: =RANDBETWEEN(90,120) -> 99 | O32: =IF(L32>N32,G32,I32) -> Central Michigan | P32: =_xlfn.XLOOKUP(O32,Teams!$C:$C,Teams!$E:$E,,0,1) -> #VALUE! | Q32: Lorem ipsum dolor sit amet, consectetur adipiscing elit, sed do eiusmod tempor incididunt ut labore et dolore magna aliqua. | R32: =IF( O32=G32, IF(F32>J32,TRUE,FALSE), IF(J32>F32,TRUE,FALSE)) -> TRUE
A33: =G33 -> Charleston Southern | B33: =I33 -> Charlotte | C33: =IF(O33="","",IF(A33=O33,B33,A33)) -> Charleston Southern | D33: =IF(SeedType=1,0,IF(SeedType=2,VLOOKUP(O33,SeedInfo,2,FALSE)*1,MAX(VLOOKUP(O33,SeedInfo,2,FALSE)-VLOOKUP(C33,SeedInfo,2,FALSE),0))) -> #REF! | E33: 24 | F33: {=_xlfn.XLOOKUP(G33,Teams[[#All],[Team]],Teams[[#All],[Seed]],0,0,1)} -> 2 | G33: =Teams!C48 -> Charleston Southern | H33: vs | I33: =Teams!C49 -> Charlotte | J33: {=_xlfn.XLOOKUP(I33,Teams[[#All],[Team]],Teams[[#All],[Seed]],0,0,1)} -> 15 | K33: =_xlfn.XLOOKUP(G33,Teams!$C:$C,Teams!$E:$E,,0,1) -> #VALUE! | L33: =RANDBETWEEN(90,120) -> 92 | M33: =_xlfn.XLOOKUP(I33,Teams!$C:$C,Teams!$E:$E,,0,1) -> #VALUE! | N33: =RANDBETWEEN(90,120) -> 101 | O33: =IF(L33>N33,G33,I33) -> Charlotte | P33: =_xlfn.XLOOKUP(O33,Teams!$C:$C,Teams!$E:$E,,0,1) -> #VALUE! | Q33: Lorem ipsum dolor sit amet, consectetur adipiscing elit, sed do eiusmod tempor incididunt ut labore et dolore magna aliqua. | R33: =IF( O33=G33, IF(F33>J33,TRUE,FALSE), IF(J33>F33,TRUE,FALSE)) -> TRUE
A34: =G34 -> Chattanooga | B34: =I34 -> Chicago State | C34: =IF(O34="","",IF(A34=O34,B34,A34)) -> Chattanooga | D34: =IF(SeedType=1,0,IF(SeedType=2,VLOOKUP(O34,SeedInfo,2,FALSE)*1,MAX(VLOOKUP(O34,SeedInfo,2,FALSE)-VLOOKUP(C34,SeedInfo,2,FALSE),0))) -> #REF! | E34: 25 | F34: {=_xlfn.XLOOKUP(G34,Teams[[#All],[Team]],Teams[[#All],[Seed]],0,0,1)} -> 1 | G34: =Teams!C50 -> Chattanooga | H34: vs | I34: =Teams!C51 -> Chicago State | J34: {=_xlfn.XLOOKUP(I34,Teams[[#All],[Team]],Teams[[#All],[Seed]],0,0,1)} -> 16 | K34: =_xlfn.XLOOKUP(G34,Teams!$C:$C,Teams!$E:$E,,0,1) -> #VALUE! | L34: =RANDBETWEEN(90,120) -> 93 | M34: =_xlfn.XLOOKUP(I34,Teams!$C:$C,Teams!$E:$E,,0,1) -> #VALUE! | N34: =RANDBETWEEN(90,120) -> 118 | O34: =IF(L34>N34,G34,I34) -> Chicago State | P34: =_xlfn.XLOOKUP(O34,Teams!$C:$C,Teams!$E:$E,,0,1) -> #VALUE! | Q34: Lorem ipsum dolor sit amet, consectetur adipiscing elit, sed do eiusmod tempor incididunt ut labore et dolore magna aliqua. | R34: =IF( O34=G34, IF(F34>J34,TRUE,FALSE), IF(J34>F34,TRUE,FALSE)) -> TRUE
A35: =G35 -> Cincinnati | B35: =I35 -> Clemson | C35: =IF(O35="","",IF(A35=O35,B35,A35)) -> Cincinnati | D35: =IF(SeedType=1,0,IF(SeedType=2,VLOOKUP(O35,SeedInfo,2,FALSE)*1,MAX(VLOOKUP(O35,SeedInfo,2,FALSE)-VLOOKUP(C35,SeedInfo,2,FALSE),0))) -> #REF! | E35: 26 | F35: {=_xlfn.XLOOKUP(G35,Teams[[#All],[Team]],Teams[[#All],[Seed]],0,0,1)} -> 8 | G35: =Teams!C52 -> Cincinnati | H35: vs | I35: =Teams!C53 -> Clemson | J35: {=_xlfn.XLOOKUP(I35,Teams[[#All],[Team]],Teams[[#All],[Seed]],0,0,1)} -> 9 | K35: =_xlfn.XLOOKUP(G35,Teams!$C:$C,Teams!$E:$E,,0,1) -> #VALUE! | L35: =RANDBETWEEN(90,120) -> 100 | M35: =_xlfn.XLOOKUP(I35,Teams!$C:$C,Teams!$E:$E,,0,1) -> #VALUE! | N35: =RANDBETWEEN(90,120) -> 114 | O35: =IF(L35>N35,G35,I35) -> Clemson | P35: =_xlfn.XLOOKUP(O35,Teams!$C:$C,Teams!$E:$E,,0,1) -> #VALUE! | Q35: Lorem ipsum dolor sit amet, consectetur adipiscing elit, sed do eiusmod tempor incididunt ut labore et dolore magna aliqua. | R35: =IF( O35=G35, IF(F35>J35,TRUE,FALSE), IF(J35>F35,TRUE,FALSE)) -> TRUE
A36: =G36 -> Cleveland State | B36: =I36 -> Coastal Carolina | C36: =IF(O36="","",IF(A36=O36,B36,A36)) -> Coastal Carolina | D36: =IF(SeedType=1,0,IF(SeedType=2,VLOOKUP(O36,SeedInfo,2,FALSE)*1,MAX(VLOOKUP(O36,SeedInfo,2,FALSE)-VLOOKUP(C36,SeedInfo,2,FALSE),0))) -> #REF! | E36: 27 | F36: {=_xlfn.XLOOKUP(G36,Teams[[#All],[Team]],Teams[[#All],[Seed]],0,0,1)} -> 5 | G36: =Teams!C54 -> Cleveland State | H36: vs | I36: =Teams!C55 -> Coastal Carolina | J36: {=_xlfn.XLOOKUP(I36,Teams[[#All],[Team]],Teams[[#All],[Seed]],0,0,1)} -> 12 | K36: =_xlfn.XLOOKUP(G36,Teams!$C:$C,Teams!$E:$E,,0,1) -> #VALUE! | L36: =RANDBETWEEN(90,120) -> 119 | M36: =_xlfn.XLOOKUP(I36,Teams!$C:$C,Teams!$E:$E,,0,1) -> #VALUE! | N36: =RANDBETWEEN(90,120) -> 96 | O36: =IF(L36>N36,G36,I36) -> Cleveland State | P36: =_xlfn.XLOOKUP(O36,Teams!$C:$C,Teams!$E:$E,,0,1) -> #VALUE! | Q36: Lorem ipsum dolor sit amet, consectetur adipiscing elit, sed do eiusmod tempor incididunt ut labore et dolore magna aliqua. | R36: =IF( O36=G36, IF(F36>J36,TRUE,FALSE), IF(J36>F36,TRUE,FALSE)) -> FALSE
A37: =G37 -> Colgate | B37: =I37 -> College of Charleston | C37: =IF(O37="","",IF(A37=O37,B37,A37)) -> Colgate | D37: =IF(SeedType=1,0,IF(SeedType=2,VLOOKUP(O37,SeedInfo,2,FALSE)*1,MAX(VLOOKUP(O37,SeedInfo,2,FALSE)-VLOOKUP(C37,SeedInfo,2,FALSE),0))) -> #REF! | E37: 28 | F37: {=_xlfn.XLOOKUP(G37,Teams[[#All],[Team]],Teams[[#All],[Seed]],0,0,1)} -> 4 | G37: =Teams!C56 -> Colgate | H37: vs | I37: =Teams!C57 -> College of Charleston | J37: {=_xlfn.XLOOKUP(I37,Teams[[#All],[Team]],Teams[[#All],[Seed]],0,0,1)} -> 13 | K37: =_xlfn.XLOOKUP(G37,Teams!$C:$C,Teams!$E:$E,,0,1) -> #VALUE! | L37: =RANDBETWEEN(90,120) -> 103 | M37: =_xlfn.XLOOKUP(I37,Teams!$C:$C,Teams!$E:$E,,0,1) -> #VALUE! | N37: =RANDBETWEEN(90,120) -> 108 | O37: =IF(L37>N37,G37,I37) -> College of Charleston | P37: =_xlfn.XLOOKUP(O37,Teams!$C:$C,Teams!$E:$E,,0,1) -> #VALUE! | Q37: Lorem ipsum dolor sit amet, consectetur adipiscing elit, sed do eiusmod tempor incididunt ut labore et dolore magna aliqua. | R37: =IF( O37=G37, IF(F37>J37,TRUE,FALSE), IF(J37>F37,TRUE,FALSE)) -> TRUE
A38: =G38 -> Colorado | B38: =I38 -> Colorado State | C38: =IF(O38="","",IF(A38=O38,B38,A38)) -> Colorado | D38: =IF(SeedType=1,0,IF(SeedType=2,VLOOKUP(O38,SeedInfo,2,FALSE)*1,MAX(VLOOKUP(O38,SeedInfo,2,FALSE)-VLOOKUP(C38,SeedInfo,2,FALSE),0))) -> #REF! | E38: 29 | F38: {=_xlfn.XLOOKUP(G38,Teams[[#All],[Team]],Teams[[#All],[Seed]],0,0,1)} -> 6 | G38: =Teams!C58 -> Colorado | H38: vs | I38: =Teams!C59 -> Colorado State | J38: {=_xlfn.XLOOKUP(I38,Teams[[#All],[Team]],Teams[[#All],[Seed]],0,0,1)} -> 11 | K38: =_xlfn.XLOOKUP(G38,Teams!$C:$C,Teams!$E:$E,,0,1) -> #VALUE! | L38: =RANDBETWEEN(90,120) -> 108 | M38: =_xlfn.XLOOKUP(I38,Teams!$C:$C,Teams!$E:$E,,0,1) -> #VALUE! | N38: =RANDBETWEEN(90,120) -> 114 | O38: =IF(L38>N38,G38,I38) -> Colorado State | P38: =_xlfn.XLOOKUP(O38,Teams!$C:$C,Teams!$E:$E,,0,1) -> #VALUE! | Q38: Lorem ipsum dolor sit amet, consectetur adipiscing elit, sed do eiusmod tempor incididunt ut labore et dolore magna aliqua. | R38: =IF( O38=G38, IF(F38>J38,TRUE,FALSE), IF(J38>F38,TRUE,FALSE)) -> TRUE
A39: =G39 -> Columbia | B39: =I39 -> Connecticut | C39: =IF(O39="","",IF(A39=O39,B39,A39)) -> Columbia | D39: =IF(SeedType=1,0,IF(SeedType=2,VLOOKUP(O39,SeedInfo,2,FALSE)*1,MAX(VLOOKUP(O39,SeedInfo,2,FALSE)-VLOOKUP(C39,SeedInfo,2,FALSE),0))) -> #REF! | E39: 30 | F39: {=_xlfn.XLOOKUP(G39,Teams[[#All],[Team]],Teams[[#All],[Seed]],0,0,1)} -> 3 | G39: =Teams!C60 -> Columbia | H39: vs | I39: =Teams!C61 -> Connecticut | J39: {=_xlfn.XLOOKUP(I39,Teams[[#All],[Team]],Teams[[#All],[Seed]],0,0,1)} -> 14 | K39: =_xlfn.XLOOKUP(G39,Teams!$C:$C,Teams!$E:$E,,0,1) -> #VALUE! | L39: =RANDBETWEEN(90,120) -> 108 | M39: =_xlfn.XLOOKUP(I39,Teams!$C:$C,Teams!$E:$E,,0,1) -> #VALUE! | N39: =RANDBETWEEN(90,120) -> 119 | O39: =IF(L39>N39,G39,I39) -> Connecticut | P39: =_xlfn.XLOOKUP(O39,Teams!$C:$C,Teams!$E:$E,,0,1) -> #VALUE! | Q39: Lorem ipsum dolor sit amet, consectetur adipiscing elit, sed do eiusmod tempor incididunt ut labore et dolore magna aliqua. | R39: =IF( O39=G39, IF(F39>J39,TRUE,FALSE), IF(J39>F39,TRUE,FALSE)) -> TRUE
A40: =G40 -> Coppin State | B40: =I40 -> Cornell | C40: =IF(O40="","",IF(A40=O40,B40,A40)) -> Cornell | D40: =IF(SeedType=1,0,IF(SeedType=2,VLOOKUP(O40,SeedInfo,2,FALSE)*1,MAX(VLOOKUP(O40,SeedInfo,2,FALSE)-VLOOKUP(C40,SeedInfo,2,FALSE),0))) -> #REF! | E40: 31 | F40: {=_xlfn.XLOOKUP(G40,Teams[[#All],[Team]],Teams[[#All],[Seed]],0,0,1)} -> 7 | G40: =Teams!C62 -> Coppin State | H40: vs | I40: =Teams!C63 -> Cornell | J40: {=_xlfn.XLOOKUP(I40,Teams[[#All],[Team]],Teams[[#All],[Seed]],0,0,1)} -> 10 | K40: =_xlfn.XLOOKUP(G40,Teams!$C:$C,Teams!$E:$E,,0,1) -> #VALUE! | L40: =RANDBETWEEN(90,120) -> 111 | M40: =_xlfn.XLOOKUP(I40,Teams!$C:$C,Teams!$E:$E,,0,1) -> #VALUE! | N40: =RANDBETWEEN(90,120) -> 100 | O40: =IF(L40>N40,G40,I40) -> Coppin State | P40: =_xlfn.XLOOKUP(O40,Teams!$C:$C,Teams!$E:$E,,0,1) -> #VALUE! | Q40: Lorem ipsum dolor sit amet, consectetur adipiscing elit, sed do eiusmod tempor incididunt ut labore et dolore magna aliqua. | R40: =IF( O40=G40, IF(F40>J40,TRUE,FALSE), IF(J40>F40,TRUE,FALSE)) -> FALSE
A41: =G41 -> Creighton | B41: =I41 -> Dartmouth | C41: =IF(O41="","",IF(A41=O41,B41,A41)) -> Dartmouth | D41: =IF(SeedType=1,0,IF(SeedType=2,VLOOKUP(O41,SeedInfo,2,FALSE)*1,MAX(VLOOKUP(O41,SeedInfo,2,FALSE)-VLOOKUP(C41,SeedInfo,2,FALSE),0))) -> #REF! | E41: 32 | F41: {=_xlfn.XLOOKUP(G41,Teams[[#All],[Team]],Teams[[#All],[Seed]],0,0,1)} -> 2 | G41: =Teams!C64 -> Creighton | H41: vs | I41: =Teams!C65 -> Dartmouth | J41: {=_xlfn.XLOOKUP(I41,Teams[[#All],[Team]],Teams[[#All],[Seed]],0,0,1)} -> 15 | K41: =_xlfn.XLOOKUP(G41,Teams!$C:$C,Teams!$E:$E,,0,1) -> #VALUE! | L41: =RANDBETWEEN(90,120) -> 120 | M41: =_xlfn.XLOOKUP(I41,Teams!$C:$C,Teams!$E:$E,,0,1) -> #VALUE! | N41: =RANDBETWEEN(90,120) -> 119 | O41: =IF(L41>N41,G41,I41) -> Creighton | P41: =_xlfn.XLOOKUP(O41,Teams!$C:$C,Teams!$E:$E,,0,1) -> #VALUE! | Q41: Lorem ipsum dolor sit amet, consectetur adipiscing elit, sed do eiusmod tempor incididunt ut labore et dolore magna aliqua. | R41: =IF( O41=G41, IF(F41>J41,TRUE,FALSE), IF(J41>F41,TRUE,FALSE)) -> FALSE
E42: Game # | F42: =Bracket!F2 -> Second Round | O42: Winner
A43: =G43 -> Abilene Christian | B43: =I43 -> Alabama | C43: =IF(O43="","",IF(A43=O43,B43,A43)) -> Alabama | D43: =IF(SeedType=1,0,IF(SeedType=2,VLOOKUP(O43,SeedInfo,2,FALSE)*2,MAX(VLOOKUP(O43,SeedInfo,2,FALSE)-VLOOKUP(C43,SeedInfo,2,FALSE),0))) -> #REF! | E43: =Bracket!F7 -> 33 | F43: {=_xlfn.XLOOKUP(G43,Teams[[#All],[Team]],Teams[[#All],[Seed]],0,0,1)} -> 1 | G43: =O10 -> Abilene Christian | H43: vs | I43: =O11 -> Alabama | J43: {=_xlfn.XLOOKUP(I43,Teams[[#All],[Team]],Teams[[#All],[Seed]],0,0,1)} -> 9 | K43: =_xlfn.XLOOKUP(G43,Teams!$C:$C,Teams!$E:$E,,0,1) -> #VALUE! | L43: =RANDBETWEEN(90,120) -> 113 | M43: =_xlfn.XLOOKUP(I43,Teams!$C:$C,Teams!$E:$E,,0,1) -> #VALUE! | N43: =RANDBETWEEN(90,120) -> 109 | O43: =IF(L43>N43,G43,I43) -> Abilene Christian | P43: =_xlfn.XLOOKUP(O43,Teams!$C:$C,Teams!$E:$E,,0,1) -> #VALUE! | Q43: Lorem ipsum dolor sit amet, consectetur adipiscing elit, sed do eiusmod tempor incididunt ut labore et dolore magna aliqua. | R43: =IF( O43=G43, IF(F43>J43,TRUE,FALSE), IF(J43>F43,TRUE,FALSE)) -> FALSE
A44: =G44 -> Arizona | B44: =I44 -> Alcorn State | C44: =IF(O44="","",IF(A44=O44,B44,A44)) -> Arizona | D44: =IF(SeedType=1,0,IF(SeedType=2,VLOOKUP(O44,SeedInfo,2,FALSE)*2,MAX(VLOOKUP(O44,SeedInfo,2,FALSE)-VLOOKUP(C44,SeedInfo,2,FALSE),0))) -> #REF! | E44: 34 | F44: {=_xlfn.XLOOKUP(G44,Teams[[#All],[Team]],Teams[[#All],[Seed]],0,0,1)} -> 3 | G44: =O12 -> Arizona | H44: vs | I44: =O13 -> Alcorn State | J44: {=_xlfn.XLOOKUP(I44,Teams[[#All],[Team]],Teams[[#All],[Seed]],0,0,1)} -> 13 | K44: =_xlfn.XLOOKUP(G44,Teams!$C:$C,Teams!$E:$E,,0,1) -> #VALUE! | L44: =RANDBETWEEN(90,120) -> 107 | M44: =_xlfn.XLOOKUP(I44,Teams!$C:$C,Teams!$E:$E,,0,1) -> #VALUE! | N44: =RANDBETWEEN(90,120) -> 119 | O44: =IF(L44>N44,G44,I44) -> Alcorn State | P44: =_xlfn.XLOOKUP(O44,Teams!$C:$C,Teams!$E:$E,,0,1) -> #VALUE! | Q44: Lorem ipsum dolor sit amet, consectetur adipiscing elit, sed do eiusmod tempor incididunt ut labore et dolore magna aliqua. | R44: =IF( O44=G44, IF(F44>J44,TRUE,FALSE), IF(J44>F44,TRUE,FALSE)) -> TRUE
A45: =G45 -> Appalachian State | B45: =I45 -> Arizona State | C45: =IF(O45="","",IF(A45=O45,B45,A45)) -> Appalachian State | D45: =IF(SeedType=1,0,IF(SeedType=2,VLOOKUP(O45,SeedInfo,2,FALSE)*2,MAX(VLOOKUP(O45,SeedInfo,2,FALSE)-VLOOKUP(C45,SeedInfo,2,FALSE),0))) -> #REF! | E45: 35 | F45: {=_xlfn.XLOOKUP(G45,Teams[[#All],[Team]],Teams[[#All],[Seed]],0,0,1)} -> 11 | G45: =O14 -> Appalachian State | H45: vs | I45: =O15 -> Arizona State | J45: {=_xlfn.XLOOKUP(I45,Teams[[#All],[Team]],Teams[[#All],[Seed]],0,0,1)} -> 14 | K45: =_xlfn.XLOOKUP(G45,Teams!$C:$C,Teams!$E:$E,,0,1) -> #VALUE! | L45: =RANDBETWEEN(90,120) -> 102 | M45: =_xlfn.XLOOKUP(I45,Teams!$C:$C,Teams!$E:$E,,0,1) -> #VALUE! | N45: =RANDBETWEEN(90,120) -> 114 | O45: =IF(L45>N45,G45,I45) -> Arizona State | P45: =_xlfn.XLOOKUP(O45,Teams!$C:$C,Teams!$E:$E,,0,1) -> #VALUE! | Q45: Lorem ipsum dolor sit amet, consectetur adipiscing elit, sed do eiusmod tempor incididunt ut labore et dolore magna aliqua. | R45: =IF( O45=G45, IF(F45>J45,TRUE,FALSE), IF(J45>F45,TRUE,FALSE)) -> TRUE
A46: =G46 -> Arkansas | B46: =I46 -> Army | C46: =IF(O46="","",IF(A46=O46,B46,A46)) -> Arkansas | D46: =IF(SeedType=1,0,IF(SeedType=2,VLOOKUP(O46,SeedInfo,2,FALSE)*2,MAX(VLOOKUP(O46,SeedInfo,2,FALSE)-VLOOKUP(C46,SeedInfo,2,FALSE),0))) -> #REF! | E46: 36 | F46: {=_xlfn.XLOOKUP(G46,Teams[[#All],[Team]],Teams[[#All],[Seed]],0,0,1)} -> 7 | G46: =O16 -> Arkansas | H46: vs | I46: =O17 -> Army | J46: {=_xlfn.XLOOKUP(I46,Teams[[#All],[Team]],Teams[[#All],[Seed]],0,0,1)} -> 15 | K46: =_xlfn.XLOOKUP(G46,Teams!$C:$C,Teams!$E:$E,,0,1) -> #VALUE! | L46: =RANDBETWEEN(90,120) -> 91 | M46: =_xlfn.XLOOKUP(I46,Teams!$C:$C,Teams!$E:$E,,0,1) -> #VALUE! | N46: =RANDBETWEEN(90,120) -> 109 | O46: =IF(L46>N46,G46,I46) -> Army | P46: =_xlfn.XLOOKUP(O46,Teams!$C:$C,Teams!$E:$E,,0,1) -> #VALUE! | Q46: Lorem ipsum dolor sit amet, consectetur adipiscing elit, sed do eiusmod tempor incididunt ut labore et dolore magna aliqua. | R46: =IF( O46=G46, IF(F46>J46,TRUE,FALSE), IF(J46>F46,TRUE,FALSE)) -> TRUE
A47: =G47 -> Auburn | B47: =I47 -> Baylor | C47: =IF(O47="","",IF(A47=O47,B47,A47)) -> Auburn | D47: =IF(SeedType=1,0,IF(SeedType=2,VLOOKUP(O47,SeedInfo,2,FALSE)*2,MAX(VLOOKUP(O47,SeedInfo,2,FALSE)-VLOOKUP(C47,SeedInfo,2,FALSE),0))) -> #REF! | E47: 37 | F47: {=_xlfn.XLOOKUP(G47,Teams[[#All],[Team]],Teams[[#All],[Seed]],0,0,1)} -> 1 | G47: =O18 -> Auburn | H47: vs | I47: =O19 -> Baylor | J47: {=_xlfn.XLOOKUP(I47,Teams[[#All],[Team]],Teams[[#All],[Seed]],0,0,1)} -> 9 | K47: =_xlfn.XLOOKUP(G47,Teams!$C:$C,Teams!$E:$E,,0,1) -> #VALUE! | L47: =RANDBETWEEN(90,120) -> 90 | M47: =_xlfn.XLOOKUP(I47,Teams!$C:$C,Teams!$E:$E,,0,1) -> #VALUE! | N47: =RANDBETWEEN(90,120) -> 99 | O47: =IF(L47>N47,G47,I47) -> Baylor | P47: =_xlfn.XLOOKUP(O47,Teams!$C:$C,Teams!$E:$E,,0,1) -> #VALUE! | Q47: Lorem ipsum dolor sit amet, consectetur adipiscing elit, sed do eiusmod tempor incididunt ut labore et dolore magna aliqua. | R47: =IF( O47=G47, IF(F47>J47,TRUE,FALSE), IF(J47>F47,TRUE,FALSE)) -> TRUE
A48: =G48 -> Belmont | B48: =I48 -> Bethune-Cookman | C48: =IF(O48="","",IF(A48=O48,B48,A48)) -> Bethune-Cookman | D48: =IF(SeedType=1,0,IF(SeedType=2,VLOOKUP(O48,SeedInfo,2,FALSE)*2,MAX(VLOOKUP(O48,SeedInfo,2,FALSE)-VLOOKUP(C48,SeedInfo,2,FALSE),0))) -> #REF! | E48: 38 | F48: {=_xlfn.XLOOKUP(G48,Teams[[#All],[Team]],Teams[[#All],[Seed]],0,0,1)} -> 12 | G48: =O20 -> Belmont | H48: vs | I48: =O21 -> Bethune-Cookman | J48: {=_xlfn.XLOOKUP(I48,Teams[[#All],[Team]],Teams[[#All],[Seed]],0,0,1)} -> 4 | K48: =_xlfn.XLOOKUP(G48,Teams!$C:$C,Teams!$E:$E,,0,1) -> #VALUE! | L48: =RANDBETWEEN(90,120) -> 115 | M48: =_xlfn.XLOOKUP(I48,Teams!$C:$C,Teams!$E:$E,,0,1) -> #VALUE! | N48: =RANDBETWEEN(90,120) -> 111 | O48: =IF(L48>N48,G48,I48) -> Belmont | P48: =_xlfn.XLOOKUP(O48,Teams!$C:$C,Teams!$E:$E,,0,1) -> #VALUE! | Q48: Lorem ipsum dolor sit amet, consectetur adipiscing elit, sed do eiusmod tempor incididunt ut labore et dolore magna aliqua. | R48: =IF( O48=G48, IF(F48>J48,TRUE,FALSE), IF(J48>F48,TRUE,FALSE)) -> TRUE
A49: =G49 -> Boise State | B49: =I49 -> Duke | C49: =IF(O49="","",IF(A49=O49,B49,A49)) -> Duke | D49: =IF(SeedType=1,0,IF(SeedType=2,VLOOKUP(O49,SeedInfo,2,FALSE)*2,MAX(VLOOKUP(O49,SeedInfo,2,FALSE)-VLOOKUP(C49,SeedInfo,2,FALSE),0))) -> #REF! | E49: 39 | F49: {=_xlfn.XLOOKUP(G49,Teams[[#All],[Team]],Teams[[#All],[Seed]],0,0,1)} -> 6 | G49: =O22 -> Boise State | H49: vs | I49: =O23 -> Duke | J49: {=_xlfn.XLOOKUP(I49,Teams[[#All],[Team]],Teams[[#All],[Seed]],0,0,1)} -> 14 | K49: =_xlfn.XLOOKUP(G49,Teams!$C:$C,Teams!$E:$E,,0,1) -> #VALUE! | L49: =RANDBETWEEN(90,120) -> 110 | M49: =_xlfn.XLOOKUP(I49,Teams!$C:$C,Teams!$E:$E,,0,1) -> #VALUE! | N49: =RANDBETWEEN(90,120) -> 102 | O49: =IF(L49>N49,G49,I49) -> Boise State | P49: =_xlfn.XLOOKUP(O49,Teams!$C:$C,Teams!$E:$E,,0,1) -> #VALUE! | Q49: Lorem ipsum dolor sit amet, consectetur adipiscing elit, sed do eiusmod tempor incididunt ut labore et dolore magna aliqua. | R49: =IF( O49=G49, IF(F49>J49,TRUE,FALSE), IF(J49>F49,TRUE,FALSE)) -> FALSE
A50: =G50 -> Brigham Young | B50: =I50 -> Bryant | C50: =IF(O50="","",IF(A50=O50,B50,A50)) -> Brigham Young | D50: =IF(SeedType=1,0,IF(SeedType=2,VLOOKUP(O50,SeedInfo,2,FALSE)*2,MAX(VLOOKUP(O50,SeedInfo,2,FALSE)-VLOOKUP(C50,SeedInfo,2,FALSE),0))) -> #REF! | E50: 40 | F50: {=_xlfn.XLOOKUP(G50,Teams[[#All],[Team]],Teams[[#All],[Seed]],0,0,1)} -> 10 | G50: =O24 -> Brigham Young | H50: vs | I50: =O25 -> Bryant | J50: {=_xlfn.XLOOKUP(I50,Teams[[#All],[Team]],Teams[[#All],[Seed]],0,0,1)} -> 15 | K50: =_xlfn.XLOOKUP(G50,Teams!$C:$C,Teams!$E:$E,,0,1) -> #VALUE! | L50: =RANDBETWEEN(90,120) -> 109 | M50: =_xlfn.XLOOKUP(I50,Teams!$C:$C,Teams!$E:$E,,0,1) -> #VALUE! | N50: =RANDBETWEEN(90,120) -> 112 | O50: =IF(L50>N50,G50,I50) -> Bryant | P50: =_xlfn.XLOOKUP(O50,Teams!$C:$C,Teams!$E:$E,,0,1) -> #VALUE! | Q50: Lorem ipsum dolor sit amet, consectetur adipiscing elit, sed do eiusmod tempor incididunt ut labore et dolore magna aliqua. | R50: =IF( O50=G50, IF(F50>J50,TRUE,FALSE), IF(J50>F50,TRUE,FALSE)) -> TRUE
A51: =G51 -> Bucknell | B51: =I51 -> Butler | C51: =IF(O51="","",IF(A51=O51,B51,A51)) -> Butler | D51: =IF(SeedType=1,0,IF(SeedType=2,VLOOKUP(O51,SeedInfo,2,FALSE)*2,MAX(VLOOKUP(O51,SeedInfo,2,FALSE)-VLOOKUP(C51,SeedInfo,2,FALSE),0))) -> #REF! | E51: 41 | F51: {=_xlfn.XLOOKUP(G51,Teams[[#All],[Team]],Teams[[#All],[Seed]],0,0,1)} -> 1 | G51: =O26 -> Bucknell | H51: vs | I51: =O27 -> Butler | J51: {=_xlfn.XLOOKUP(I51,Teams[[#All],[Team]],Teams[[#All],[Seed]],0,0,1)} -> 8 | K51: =_xlfn.XLOOKUP(G51,Teams!$C:$C,Teams!$E:$E,,0,1) -> #VALUE! | L51: =RANDBETWEEN(90,120) -> 93 | M51: =_xlfn.XLOOKUP(I51,Teams!$C:$C,Teams!$E:$E,,0,1) -> #VALUE! | N51: =RANDBETWEEN(90,120) -> 90 | O51: =IF(L51>N51,G51,I51) -> Bucknell | P51: =_xlfn.XLOOKUP(O51,Teams!$C:$C,Teams!$E:$E,,0,1) -> #VALUE! | Q51: Lorem ipsum dolor sit amet, consectetur adipiscing elit, sed do eiusmod tempor incididunt ut labore et dolore magna aliqua. | R51: =IF( O51=G51, IF(F51>J51,TRUE,FALSE), IF(J51>F51,TRUE,FALSE)) -> FALSE
A52: =G52 -> Cal State Fullerton | B52: =I52 -> Cal State Northridge | C52: =IF(O52="","",IF(A52=O52,B52,A52)) -> Cal State Fullerton | D52: =IF(SeedType=1,0,IF(SeedType=2,VLOOKUP(O52,SeedInfo,2,FALSE)*2,MAX(VLOOKUP(O52,SeedInfo,2,FALSE)-VLOOKUP(C52,SeedInfo,2,FALSE),0))) -> #REF! | E52: 42 | F52: {=_xlfn.XLOOKUP(G52,Teams[[#All],[Team]],Teams[[#All],[Seed]],0,0,1)} -> 12 | G52: =O28 -> Cal State Fullerton | H52: vs | I52: =O29 -> Cal State Northridge | J52: {=_xlfn.XLOOKUP(I52,Teams[[#All],[Team]],Teams[[#All],[Seed]],0,0,1)} -> 4 | K52: =_xlfn.XLOOKUP(G52,Teams!$C:$C,Teams!$E:$E,,0,1) -> #VALUE! | L52: =RANDBETWEEN(90,120) -> 98 | M52: =_xlfn.XLOOKUP(I52,Teams!$C:$C,Teams!$E:$E,,0,1) -> #VALUE! | N52: =RANDBETWEEN(90,120) -> 109 | O52: =IF(L52>N52,G52,I52) -> Cal State Northridge | P52: =_xlfn.XLOOKUP(O52,Teams!$C:$C,Teams!$E:$E,,0,1) -> #VALUE! | Q52: Lorem ipsum dolor sit amet, consectetur adipiscing elit, sed do eiusmod tempor incididunt ut labore et dolore magna aliqua. | R52: =IF( O52=G52, IF(F52>J52,TRUE,FALSE), IF(J52>F52,TRUE,FALSE)) -> FALSE
A53: =G53 -> California Baptist | B53: =I53 -> Central Arkansas | C53: =IF(O53="","",IF(A53=O53,B53,A53)) -> California Baptist | D53: =IF(SeedType=1,0,IF(SeedType=2,VLOOKUP(O53,SeedInfo,2,FALSE)*2,MAX(VLOOKUP(O53,SeedInfo,2,FALSE)-VLOOKUP(C53,SeedInfo,2,FALSE),0))) -> #REF! | E53: 43 | F53: {=_xlfn.XLOOKUP(G53,Teams[[#All],[Team]],Teams[[#All],[Seed]],0,0,1)} -> 6 | G53: =O30 -> California Baptist | H53: vs | I53: =O31 -> Central Arkansas | J53: {=_xlfn.XLOOKUP(I53,Teams[[#All],[Team]],Teams[[#All],[Seed]],0,0,1)} -> 14 | K53: =_xlfn.XLOOKUP(G53,Teams!$C:$C,Teams!$E:$E,,0,1) -> #VALUE! | L53: =RANDBETWEEN(90,120) -> 102 | M53: =_xlfn.XLOOKUP(I53,Teams!$C:$C,Teams!$E:$E,,0,1) -> #VALUE! | N53: =RANDBETWEEN(90,120) -> 107 | O53: =IF(L53>N53,G53,I53) -> Central Arkansas | P53: =_xlfn.XLOOKUP(O53,Teams!$C:$C,Teams!$E:$E,,0,1) -> #VALUE! | Q53: Lorem ipsum dolor sit amet, consectetur adipiscing elit, sed do eiusmod tempor incididunt ut labore et dolore magna aliqua. | R53: =IF( O53=G53, IF(F53>J53,TRUE,FALSE), IF(J53>F53,TRUE,FALSE)) -> TRUE
A54: =G54 -> Central Michigan | B54: =I54 -> Charlotte | C54: =IF(O54="","",IF(A54=O54,B54,A54)) -> Central Michigan | D54: =IF(SeedType=1,0,IF(SeedType=2,VLOOKUP(O54,SeedInfo,2,FALSE)*2,MAX(VLOOKUP(O54,SeedInfo,2,FALSE)-VLOOKUP(C54,SeedInfo,2,FALSE),0))) -> #REF! | E54: 44 | F54: {=_xlfn.XLOOKUP(G54,Teams[[#All],[Team]],Teams[[#All],[Seed]],0,0,1)} -> 10 | G54: =O32 -> Central Michigan | H54: vs | I54: =O33 -> Charlotte | J54: {=_xlfn.XLOOKUP(I54,Teams[[#All],[Team]],Teams[[#All],[Seed]],0,0,1)} -> 15 | K54: =_xlfn.XLOOKUP(G54,Teams!$C:$C,Teams!$E:$E,,0,1) -> #VALUE! | L54: =RANDBETWEEN(90,120) -> 105 | M54: =_xlfn.XLOOKUP(I54,Teams!$C:$C,Teams!$E:$E,,0,1) -> #VALUE! | N54: =RANDBETWEEN(90,120) -> 110 | O54: =IF(L54>N54,G54,I54) -> Charlotte | P54: =_xlfn.XLOOKUP(O54,Teams!$C:$C,Teams!$E:$E,,0,1) -> #VALUE! | Q54: Lorem ipsum dolor sit amet, consectetur adipiscing elit, sed do eiusmod tempor incididunt ut labore et dolore magna aliqua. | R54: =IF( O54=G54, IF(F54>J54,TRUE,FALSE), IF(J54>F54,TRUE,FALSE)) -> TRUE
A55: =G55 -> Chicago State | B55: =I55 -> Clemson | C55: =IF(O55="","",IF(A55=O55,B55,A55)) -> Clemson | D55: =IF(SeedType=1,0,IF(SeedType=2,VLOOKUP(O55,SeedInfo,2,FALSE)*2,MAX(VLOOKUP(O55,SeedInfo,2,FALSE)-VLOOKUP(C55,SeedInfo,2,FALSE),0))) -> #REF! | E55: 45 | F55: {=_xlfn.XLOOKUP(G55,Teams[[#All],[Team]],Teams[[#All],[Seed]],0,0,1)} -> 16 | G55: =O34 -> Chicago State | H55: vs | I55: =O35 -> Clemson | J55: {=_xlfn.XLOOKUP(I55,Teams[[#All],[Team]],Teams[[#All],[Seed]],0,0,1)} -> 9 | K55: =_xlfn.XLOOKUP(G55,Teams!$C:$C,Teams!$E:$E,,0,1) -> #VALUE! | L55: =RANDBETWEEN(90,120) -> 109 | M55: =_xlfn.XLOOKUP(I55,Teams!$C:$C,Teams!$E:$E,,0,1) -> #VALUE! | N55: =RANDBETWEEN(90,120) -> 103 | O55: =IF(L55>N55,G55,I55) -> Chicago State | P55: =_xlfn.XLOOKUP(O55,Teams!$C:$C,Teams!$E:$E,,0,1) -> #VALUE! | Q55: Lorem ipsum dolor sit amet, consectetur adipiscing elit, sed do eiusmod tempor incididunt ut labore et dolore magna aliqua. | R55: =IF( O55=G55, IF(F55>J55,TRUE,FALSE), IF(J55>F55,TRUE,FALSE)) -> TRUE
A56: =G56 -> Cleveland State | B56: =I56 -> College of Charleston | C56: =IF(O56="","",IF(A56=O56,B56,A56)) -> College of Charleston | D56: =IF(SeedType=1,0,IF(SeedType=2,VLOOKUP(O56,SeedInfo,2,FALSE)*2,MAX(VLOOKUP(O56,SeedInfo,2,FALSE)-VLOOKUP(C56,SeedInfo,2,FALSE),0))) -> #REF! | E56: 46 | F56: {=_xlfn.XLOOKUP(G56,Teams[[#All],[Team]],Teams[[#All],[Seed]],0,0,1)} -> 5 | G56: =O36 -> Cleveland State | H56: vs | I56: =O37 -> College of Charleston | J56: {=_xlfn.XLOOKUP(I56,Teams[[#All],[Team]],Teams[[#All],[Seed]],0,0,1)} -> 13 | K56: =_xlfn.XLOOKUP(G56,Teams!$C:$C,Teams!$E:$E,,0,1) -> #VALUE! | L56: =RANDBETWEEN(90,120) -> 113 | M56: =_xlfn.XLOOKUP(I56,Teams!$C:$C,Teams!$E:$E,,0,1) -> #VALUE! | N56: =RANDBETWEEN(90,120) -> 103 | O56: =IF(L56>N56,G56,I56) -> Cleveland State | P56: =_xlfn.XLOOKUP(O56,Teams!$C:$C,Teams!$E:$E,,0,1) -> #VALUE! | Q56: Lorem ipsum dolor sit amet, consectetur adipiscing elit, sed do eiusmod tempor incididunt ut labore et dolore magna aliqua. | R56: =IF( O56=G56, IF(F56>J56,TRUE,FALSE), IF(J56>F56,TRUE,FALSE)) -> FALSE
A57: =G57 -> Colorado State | B57: =I57 -> Connecticut | C57: =IF(O57="","",IF(A57=O57,B57,A57)) -> Colorado State | D57: =IF(SeedType=1,0,IF(SeedType=2,VLOOKUP(O57,SeedInfo,2,FALSE)*2,MAX(VLOOKUP(O57,SeedInfo,2,FALSE)-VLOOKUP(C57,SeedInfo,2,FALSE),0))) -> #REF! | E57: 47 | F57: {=_xlfn.XLOOKUP(G57,Teams[[#All],[Team]],Teams[[#All],[Seed]],0,0,1)} -> 11 | G57: =O38 -> Colorado State | H57: vs | I57: =O39 -> Connecticut | J57: {=_xlfn.XLOOKUP(I57,Teams[[#All],[Team]],Teams[[#All],[Seed]],0,0,1)} -> 14 | K57: =_xlfn.XLOOKUP(G57,Teams!$C:$C,Teams!$E:$E,,0,1) -> #VALUE! | L57: =RANDBETWEEN(90,120) -> 91 | M57: =_xlfn.XLOOKUP(I57,Teams!$C:$C,Teams!$E:$E,,0,1) -> #VALUE! | N57: =RANDBETWEEN(90,120) -> 114 | O57: =IF(L57>N57,G57,I57) -> Connecticut | P57: =_xlfn.XLOOKUP(O57,Teams!$C:$C,Teams!$E:$E,,0,1) -> #VALUE! | Q57: Lorem ipsum dolor sit amet, consectetur adipiscing elit, sed do eiusmod tempor incididunt ut labore et dolore magna aliqua. | R57: =IF( O57=G57, IF(F57>J57,TRUE,FALSE), IF(J57>F57,TRUE,FALSE)) -> TRUE
A58: =G58 -> Coppin State | B58: =I58 -> Creighton | C58: =IF(O58="","",IF(A58=O58,B58,A58)) -> Coppin State | D58: =IF(SeedType=1,0,IF(SeedType=2,VLOOKUP(O58,SeedInfo,2,FALSE)*2,MAX(VLOOKUP(O58,SeedInfo,2,FALSE)-VLOOKUP(C58,SeedInfo,2,FALSE),0))) -> #REF! | E58: 48 | F58: {=_xlfn.XLOOKUP(G58,Teams[[#All],[Team]],Teams[[#All],[Seed]],0,0,1)} -> 7 | G58: =O40 -> Coppin State | H58: vs | I58: =O41 -> Creighton | J58: {=_xlfn.XLOOKUP(I58,Teams[[#All],[Team]],Teams[[#All],[Seed]],0,0,1)} -> 2 | K58: =_xlfn.XLOOKUP(G58,Teams!$C:$C,Teams!$E:$E,,0,1) -> #VALUE! | L58: =RANDBETWEEN(90,120) -> 97 | M58: =_xlfn.XLOOKUP(I58,Teams!$C:$C,Teams!$E:$E,,0,1) -> #VALUE! | N58: =RANDBETWEEN(90,120) -> 112 | O58: =IF(L58>N58,G58,I58) -> Creighton | P58: =_xlfn.XLOOKUP(O58,Teams!$C:$C,Teams!$E:$E,,0,1) -> #VALUE! | Q58: Lorem ipsum dolor sit amet, consectetur adipiscing elit, sed do eiusmod tempor incididunt ut labore et dolore magna aliqua. | R58: =IF( O58=G58, IF(F58>J58,TRUE,FALSE), IF(J58>F58,TRUE,FALSE)) -> FALSE
E59: Game # | F59: =Bracket!I2 -> Sweet 16 | O59: Winner
A60: =G60 -> Abilene Christian | B60: =I60 -> Alcorn State | C60: =IF(O60="","",IF(A60=O60,B60,A60)) -> Alcorn State | D60: =IF(SeedType=1,0,IF(SeedType=2,VLOOKUP(O60,SeedInfo,2,FALSE)*3,MAX(VLOOKUP(O60,SeedInfo,2,FALSE)-VLOOKUP(C60,SeedInfo,2,FALSE),0))) -> #REF! | E60: 49 | F60: {=_xlfn.XLOOKUP(G60,Teams[[#All],[Team]],Teams[[#All],[Seed]],0,0,1)} -> 1 | G60: =O43 -> Abilene Christian | H60: vs | I60: =O44 -> Alcorn State | J60: {=_xlfn.XLOOKUP(I60,Teams[[#All],[Team]],Teams[[#All],[Seed]],0,0,1)} -> 13 | K60: =_xlfn.XLOOKUP(G60,Teams!$C:$C,Teams!$E:$E,,0,1) -> #VALUE! | L60: =RANDBETWEEN(90,120) -> 107 | M60: =_xlfn.XLOOKUP(I60,Teams!$C:$C,Teams!$E:$E,,0,1) -> #VALUE! | N60: =RANDBETWEEN(90,120) -> 101 | O60: =IF(L60>N60,G60,I60) -> Abilene Christian | P60: =_xlfn.XLOOKUP(O60,Teams!$C:$C,Teams!$E:$E,,0,1) -> #VALUE! | Q60: Lorem ipsum dolor sit amet, consectetur adipiscing elit, sed do eiusmod tempor incididunt ut labore et dolore magna aliqua. | R60: =IF( O60=G60, IF(F60>J60,TRUE,FALSE), IF(J60>F60,TRUE,FALSE)) -> FALSE
A61: =G61 -> Arizona State | B61: =I61 -> Army | C61: =IF(O61="","",IF(A61=O61,B61,A61)) -> Army | D61: =IF(SeedType=1,0,IF(SeedType=2,VLOOKUP(O61,SeedInfo,2,FALSE)*3,MAX(VLOOKUP(O61,SeedInfo,2,FALSE)-VLOOKUP(C61,SeedInfo,2,FALSE),0))) -> #REF! | E61: 50 | F61: {=_xlfn.XLOOKUP(G61,Teams[[#All],[Team]],Teams[[#All],[Seed]],0,0,1)} -> 14 | G61: =O45 -> Arizona State | H61: vs | I61: =O46 -> Army | J61: {=_xlfn.XLOOKUP(I61,Teams[[#All],[Team]],Teams[[#All],[Seed]],0,0,1)} -> 15 | K61: =_xlfn.XLOOKUP(G61,Teams!$C:$C,Teams!$E:$E,,0,1) -> #VALUE! | L61: =RANDBETWEEN(90,120) -> 115 | M61: =_xlfn.XLOOKUP(I61,Teams!$C:$C,Teams!$E:$E,,0,1) -> #VALUE! | N61: =RANDBETWEEN(90,120) -> 97 | O61: =IF(L61>N61,G61,I61) -> Arizona State | P61: =_xlfn.XLOOKUP(O61,Teams!$C:$C,Teams!$E:$E,,0,1) -> #VALUE! | Q61: Lorem ipsum dolor sit amet, consectetur adipiscing elit, sed do eiusmod tempor incididunt ut labore et dolore magna aliqua. | R61: =IF( O61=G61, IF(F61>J61,TRUE,FALSE), IF(J61>F61,TRUE,FALSE)) -> FALSE
A62: =G62 -> Baylor | B62: =I62 -> Belmont | C62: =IF(O62="","",IF(A62=O62,B62,A62)) -> Belmont | D62: =IF(SeedType=1,0,IF(SeedType=2,VLOOKUP(O62,SeedInfo,2,FALSE)*3,MAX(VLOOKUP(O62,SeedInfo,2,FALSE)-VLOOKUP(C62,SeedInfo,2,FALSE),0))) -> #REF! | E62: 51 | F62: {=_xlfn.XLOOKUP(G62,Teams[[#All],[Team]],Teams[[#All],[Seed]],0,0,1)} -> 9 | G62: =O47 -> Baylor | H62: vs | I62: =O48 -> Belmont | J62: {=_xlfn.XLOOKUP(I62,Teams[[#All],[Team]],Teams[[#All],[Seed]],0,0,1)} -> 12 | K62: =_xlfn.XLOOKUP(G62,Teams!$C:$C,Teams!$E:$E,,0,1) -> #VALUE! | L62: =RANDBETWEEN(90,120) -> 117 | M62: =_xlfn.XLOOKUP(I62,Teams!$C:$C,Teams!$E:$E,,0,1) -> #VALUE! | N62: =RANDBETWEEN(90,120) -> 92 | O62: =IF(L62>N62,G62,I62) -> Baylor | P62: =_xlfn.XLOOKUP(O62,Teams!$C:$C,Teams!$E:$E,,0,1) -> #VALUE! | Q62: Lorem ipsum dolor sit amet, consectetur adipiscing elit, sed do eiusmod tempor incididunt ut labore et dolore magna aliqua. | R62: =IF( O62=G62, IF(F62>J62,TRUE,FALSE), IF(J62>F62,TRUE,FALSE)) -> FALSE
A63: =G63 -> Boise State | B63: =I63 -> Bryant | C63: =IF(O63="","",IF(A63=O63,B63,A63)) -> Boise State | D63: =IF(SeedType=1,0,IF(SeedType=2,VLOOKUP(O63,SeedInfo,2,FALSE)*3,MAX(VLOOKUP(O63,SeedInfo,2,FALSE)-VLOOKUP(C63,SeedInfo,2,FALSE),0))) -> #REF! | E63: 52 | F63: {=_xlfn.XLOOKUP(G63,Teams[[#All],[Team]],Teams[[#All],[Seed]],0,0,1)} -> 6 | G63: =O49 -> Boise State | H63: vs | I63: =O50 -> Bryant | J63: {=_xlfn.XLOOKUP(I63,Teams[[#All],[Team]],Teams[[#All],[Seed]],0,0,1)} -> 15 | K63: =_xlfn.XLOOKUP(G63,Teams!$C:$C,Teams!$E:$E,,0,1) -> #VALUE! | L63: =RANDBETWEEN(90,120) -> 103 | M63: =_xlfn.XLOOKUP(I63,Teams!$C:$C,Teams!$E:$E,,0,1) -> #VALUE! | N63: =RANDBETWEEN(90,120) -> 111 | O63: =IF(L63>N63,G63,I63) -> Bryant | P63: =_xlfn.XLOOKUP(O63,Teams!$C:$C,Teams!$E:$E,,0,1) -> #VALUE! | Q63: Lorem ipsum dolor sit amet, consectetur adipiscing elit, sed do eiusmod tempor incididunt ut labore et dolore magna aliqua. | R63: =IF( O63=G63, IF(F63>J63,TRUE,FALSE), IF(J63>F63,TRUE,FALSE)) -> TRUE
A64: =G64 -> Bucknell | B64: =I64 -> Cal State Northridge | C64: =IF(O64="","",IF(A64=O64,B64,A64)) -> Cal State Northridge | D64: =IF(SeedType=1,0,IF(SeedType=2,VLOOKUP(O64,SeedInfo,2,FALSE)*3,MAX(VLOOKUP(O64,SeedInfo,2,FALSE)-VLOOKUP(C64,SeedInfo,2,FALSE),0))) -> #REF! | E64: 53 | F64: {=_xlfn.XLOOKUP(G64,Teams[[#All],[Team]],Teams[[#All],[Seed]],0,0,1)} -> 1 | G64: =O51 -> Bucknell | H64: vs | I64: =O52 -> Cal State Northridge | J64: {=_xlfn.XLOOKUP(I64,Teams[[#All],[Team]],Teams[[#All],[Seed]],0,0,1)} -> 4 | K64: =_xlfn.XLOOKUP(G64,Teams!$C:$C,Teams!$E:$E,,0,1) -> #VALUE! | L64: =RANDBETWEEN(90,120) -> 113 | M64: =_xlfn.XLOOKUP(I64,Teams!$C:$C,Teams!$E:$E,,0,1) -> #VALUE! | N64: =RANDBETWEEN(90,120) -> 93 | O64: =IF(L64>N64,G64,I64) -> Bucknell | P64: =_xlfn.XLOOKUP(O64,Teams!$C:$C,Teams!$E:$E,,0,1) -> #VALUE! | Q64: Lorem ipsum dolor sit amet, consectetur adipiscing elit, sed do eiusmod tempor incididunt ut labore et dolore magna aliqua. | R64: =IF( O64=G64, IF(F64>J64,TRUE,FALSE), IF(J64>F64,TRUE,FALSE)) -> FALSE
A65: =G65 -> Central Arkansas | B65: =I65 -> Charlotte | C65: =IF(O65="","",IF(A65=O65,B65,A65)) -> Central Arkansas | D65: =IF(SeedType=1,0,IF(SeedType=2,VLOOKUP(O65,SeedInfo,2,FALSE)*3,MAX(VLOOKUP(O65,SeedInfo,2,FALSE)-VLOOKUP(C65,SeedInfo,2,FALSE),0))) -> #REF! | E65: 54 | F65: {=_xlfn.XLOOKUP(G65,Teams[[#All],[Team]],Teams[[#All],[Seed]],0,0,1)} -> 14 | G65: =O53 -> Central Arkansas | H65: vs | I65: =O54 -> Charlotte | J65: {=_xlfn.XLOOKUP(I65,Teams[[#All],[Team]],Teams[[#All],[Seed]],0,0,1)} -> 15 | K65: =_xlfn.XLOOKUP(G65,Teams!$C:$C,Teams!$E:$E,,0,1) -> #VALUE! | L65: =RANDBETWEEN(90,120) -> 91 | M65: =_xlfn.XLOOKUP(I65,Teams!$C:$C,Teams!$E:$E,,0,1) -> #VALUE! | N65: =RANDBETWEEN(90,120) -> 95 | O65: =IF(L65>N65,G65,I65) -> Charlotte | P65: =_xlfn.XLOOKUP(O65,Teams!$C:$C,Teams!$E:$E,,0,1) -> #VALUE! | Q65: Lorem ipsum dolor sit amet, consectetur adipiscing elit, sed do eiusmod tempor incididunt ut labore et dolore magna aliqua. | R65: =IF( O65=G65, IF(F65>J65,TRUE,FALSE), IF(J65>F65,TRUE,FALSE)) -> TRUE
A66: =G66 -> Chicago State | B66: =I66 -> Cleveland State | C66: =IF(O66="","",IF(A66=O66,B66,A66)) -> Chicago State | D66: =IF(SeedType=1,0,IF(SeedType=2,VLOOKUP(O66,SeedInfo,2,FALSE)*3,MAX(VLOOKUP(O66,SeedInfo,2,FALSE)-VLOOKUP(C66,SeedInfo,2,FALSE),0))) -> #REF! | E66: 55 | F66: {=_xlfn.XLOOKUP(G66,Teams[[#All],[Team]],Teams[[#All],[Seed]],0,0,1)} -> 16 | G66: =O55 -> Chicago State | H66: vs | I66: =O56 -> Cleveland State | J66: {=_xlfn.XLOOKUP(I66,Teams[[#All],[Team]],Teams[[#All],[Seed]],0,0,1)} -> 5 | K66: =_xlfn.XLOOKUP(G66,Teams!$C:$C,Teams!$E:$E,,0,1) -> #VALUE! | L66: =RANDBETWEEN(90,120) -> 99 | M66: =_xlfn.XLOOKUP(I66,Teams!$C:$C,Teams!$E:$E,,0,1) -> #VALUE! | N66: =RANDBETWEEN(90,120) -> 117 | O66: =IF(L66>N66,G66,I66) -> Cleveland State | P66: =_xlfn.XLOOKUP(O66,Teams!$C:$C,Teams!$E:$E,,0,1) -> #VALUE! | Q66: Lorem ipsum dolor sit amet, consectetur adipiscing elit, sed do eiusmod tempor incididunt ut labore et dolore magna aliqua. | R66: =IF( O66=G66, IF(F66>J66,TRUE,FALSE), IF(J66>F66,TRUE,FALSE)) -> FALSE
A67: =G67 -> Connecticut | B67: =I67 -> Creighton | C67: =IF(O67="","",IF(A67=O67,B67,A67)) -> Creighton | D67: =IF(SeedType=1,0,IF(SeedType=2,VLOOKUP(O67,SeedInfo,2,FALSE)*3,MAX(VLOOKUP(O67,SeedInfo,2,FALSE)-VLOOKUP(C67,SeedInfo,2,FALSE),0))) -> #REF! | E67: 56 | F67: {=_xlfn.XLOOKUP(G67,Teams[[#All],[Team]],Teams[[#All],[Seed]],0,0,1)} -> 14 | G67: =O57 -> Connecticut | H67: vs | I67: =O58 -> Creighton | J67: {=_xlfn.XLOOKUP(I67,Teams[[#All],[Team]],Teams[[#All],[Seed]],0,0,1)} -> 2 | K67: =_xlfn.XLOOKUP(G67,Teams!$C:$C,Teams!$E:$E,,0,1) -> #VALUE! | L67: =RANDBETWEEN(90,120) -> 116 | M67: =_xlfn.XLOOKUP(I67,Teams!$C:$C,Teams!$E:$E,,0,1) -> #VALUE! | N67: =RANDBETWEEN(90,120) -> 104 | O67: =IF(L67>N67,G67,I67) -> Connecticut | P67: =_xlfn.XLOOKUP(O67,Teams!$C:$C,Teams!$E:$E,,0,1) -> #VALUE! | Q67: Lorem ipsum dolor sit amet, consectetur adipiscing elit, sed do eiusmod tempor incididunt ut labore et dolore magna aliqua. | R67: =IF( O67=G67, IF(F67>J67,TRUE,FALSE), IF(J67>F67,TRUE,FALSE)) -> TRUE
E68: Game # | F68: =Bracket!L2 -> Elite 8 | O68: Winner
A69: =G69 -> Abilene Christian | B69: =I69 -> Arizona State | C69: =IF(O69="","",IF(A69=O69,B69,A69)) -> Abilene Christian | D69: =IF(SeedType=1,0,IF(SeedType=2,VLOOKUP(O69,SeedInfo,2,FALSE)*4,MAX(VLOOKUP(O69,SeedInfo,2,FALSE)-VLOOKUP(C69,SeedInfo,2,FALSE),0))) -> #REF! | E69: 57 | F69: {=_xlfn.XLOOKUP(G69,Teams[[#All],[Team]],Teams[[#All],[Seed]],0,0,1)} -> 1 | G69: =O60 -> Abilene Christian | H69: vs | I69: =O61 -> Arizona State | J69: {=_xlfn.XLOOKUP(I69,Teams[[#All],[Team]],Teams[[#All],[Seed]],0,0,1)} -> 14 | K69: =_xlfn.XLOOKUP(G69,Teams!$C:$C,Teams!$E:$E,,0,1) -> #VALUE! | L69: =RANDBETWEEN(90,120) -> 90 | M69: =_xlfn.XLOOKUP(I69,Teams!$C:$C,Teams!$E:$E,,0,1) -> #VALUE! | N69: =RANDBETWEEN(90,120) -> 117 | O69: =IF(L69>N69,G69,I69) -> Arizona State | P69: =_xlfn.XLOOKUP(O69,Teams!$C:$C,Teams!$E:$E,,0,1) -> #VALUE! | Q69: Lorem ipsum dolor sit amet, consectetur adipiscing elit, sed do eiusmod tempor incididunt ut labore et dolore magna aliqua. | R69: =IF( O69=G69, IF(F69>J69,TRUE,FALSE), IF(J69>F69,TRUE,FALSE)) -> TRUE
A70: =G70 -> Baylor | B70: =I70 -> Bryant | C70: =IF(O70="","",IF(A70=O70,B70,A70)) -> Bryant | D70: =IF(SeedType=1,0,IF(SeedType=2,VLOOKUP(O70,SeedInfo,2,FALSE)*4,MAX(VLOOKUP(O70,SeedInfo,2,FALSE)-VLOOKUP(C70,SeedInfo,2,FALSE),0))) -> #REF! | E70: 58 | F70: {=_xlfn.XLOOKUP(G70,Teams[[#All],[Team]],Teams[[#All],[Seed]],0,0,1)} -> 9 | G70: =O62 -> Baylor | H70: vs | I70: =O63 -> Bryant | J70: {=_xlfn.XLOOKUP(I70,Teams[[#All],[Team]],Teams[[#All],[Seed]],0,0,1)} -> 15 | K70: =_xlfn.XLOOKUP(G70,Teams!$C:$C,Teams!$E:$E,,0,1) -> #VALUE! | L70: =RANDBETWEEN(90,120) -> 112 | M70: =_xlfn.XLOOKUP(I70,Teams!$C:$C,Teams!$E:$E,,0,1) -> #VALUE! | N70: =RANDBETWEEN(90,120) -> 105 | O70: =IF(L70>N70,G70,I70) -> Baylor | P70: =_xlfn.XLOOKUP(O70,Teams!$C:$C,Teams!$E:$E,,0,1) -> #VALUE! | Q70: Lorem ipsum dolor sit amet, consectetur adipiscing elit, sed do eiusmod tempor incididunt ut labore et dolore magna aliqua. | R70: =IF( O70=G70, IF(F70>J70,TRUE,FALSE), IF(J70>F70,TRUE,FALSE)) -> FALSE
A71: =G71 -> Bucknell | B71: =I71 -> Charlotte | C71: =IF(O71="","",IF(A71=O71,B71,A71)) -> Charlotte | D71: =IF(SeedType=1,0,IF(SeedType=2,VLOOKUP(O71,SeedInfo,2,FALSE)*4,MAX(VLOOKUP(O71,SeedInfo,2,FALSE)-VLOOKUP(C71,SeedInfo,2,FALSE),0))) -> #REF! | E71: 59 | F71: {=_xlfn.XLOOKUP(G71,Teams[[#All],[Team]],Teams[[#All],[Seed]],0,0,1)} -> 1 | G71: =O64 -> Bucknell | H71: vs | I71: =O65 -> Charlotte | J71: {=_xlfn.XLOOKUP(I71,Teams[[#All],[Team]],Teams[[#All],[Seed]],0,0,1)} -> 15 | K71: =_xlfn.XLOOKUP(G71,Teams!$C:$C,Teams!$E:$E,,0,1) -> #VALUE! | L71: =RANDBETWEEN(90,120) -> 113 | M71: =_xlfn.XLOOKUP(I71,Teams!$C:$C,Teams!$E:$E,,0,1) -> #VALUE! | N71: =RANDBETWEEN(90,120) -> 112 | O71: =IF(L71>N71,G71,I71) -> Bucknell | P71: =_xlfn.XLOOKUP(O71,Teams!$C:$C,Teams!$E:$E,,0,1) -> #VALUE! | Q71: Lorem ipsum dolor sit amet, consectetur adipiscing elit, sed do eiusmod tempor incididunt ut labore et dolore magna aliqua. | R71: =IF( O71=G71, IF(F71>J71,TRUE,FALSE), IF(J71>F71,TRUE,FALSE)) -> FALSE
A72: =G72 -> Cleveland State | B72: =I72 -> Connecticut | C72: =IF(O72="","",IF(A72=O72,B72,A72)) -> Connecticut | D72: =IF(SeedType=1,0,IF(SeedType=2,VLOOKUP(O72,SeedInfo,2,FALSE)*4,MAX(VLOOKUP(O72,SeedInfo,2,FALSE)-VLOOKUP(C72,SeedInfo,2,FALSE),0))) -> #REF! | E72: 60 | F72: {=_xlfn.XLOOKUP(G72,Teams[[#All],[Team]],Teams[[#All],[Seed]],0,0,1)} -> 5 | G72: =O66 -> Cleveland State | H72: vs | I72: =O67 -> Connecticut | J72: {=_xlfn.XLOOKUP(I72,Teams[[#All],[Team]],Teams[[#All],[Seed]],0,0,1)} -> 14 | K72: =_xlfn.XLOOKUP(G72,Teams!$C:$C,Teams!$E:$E,,0,1) -> #VALUE! | L72: =RANDBETWEEN(90,120) -> 96 | M72: =_xlfn.XLOOKUP(I72,Teams!$C:$C,Teams!$E:$E,,0,1) -> #VALUE! | N72: =RANDBETWEEN(90,120) -> 93 | O72: =IF(L72>N72,G72,I72) -> Cleveland State | P72: =_xlfn.XLOOKUP(O72,Teams!$C:$C,Teams!$E:$E,,0,1) -> #VALUE! | Q72: Lorem ipsum dolor sit amet, consectetur adipiscing elit, sed do eiusmod tempor incididunt ut labore et dolore magna aliqua. | R72: =IF( O72=G72, IF(F72>J72,TRUE,FALSE), IF(J72>F72,TRUE,FALSE)) -> FALSE
E73: Game # | F73: =Bracket!O2 -> Final Four | O73: Winner
A74: =G74 -> Arizona State | B74: =I74 -> Baylor | C74: =IF(O74="","",IF(A74=O74,B74,A74)) -> Arizona State | D74: =IF(SeedType=1,0,IF(SeedType=2,VLOOKUP(O74,SeedInfo,2,FALSE)*5,MAX(VLOOKUP(O74,SeedInfo,2,FALSE)-VLOOKUP(C74,SeedInfo,2,FALSE),0))) -> #REF! | E74: 61 | F74: {=_xlfn.XLOOKUP(G74,Teams[[#All],[Team]],Teams[[#All],[Seed]],0,0,1)} -> 14 | G74: =O69 -> Arizona State | H74: vs | I74: =O70 -> Baylor | J74: {=_xlfn.XLOOKUP(I74,Teams[[#All],[Team]],Teams[[#All],[Seed]],0,0,1)} -> 9 | K74: =_xlfn.XLOOKUP(G74,Teams!$C:$C,Teams!$E:$E,,0,1) -> #VALUE! | L74: =RANDBETWEEN(90,120) -> 96 | M74: =_xlfn.XLOOKUP(I74,Teams!$C:$C,Teams!$E:$E,,0,1) -> #VALUE! | N74: =RANDBETWEEN(90,120) -> 106 | O74: =IF(L74>N74,G74,I74) -> Baylor | P74: =_xlfn.XLOOKUP(O74,Teams!$C:$C,Teams!$E:$E,,0,1) -> #VALUE! | Q74: Lorem ipsum dolor sit amet, consectetur adipiscing elit, sed do eiusmod tempor incididunt ut labore et dolore magna aliqua. | R74: =IF( O74=G74, IF(F74>J74,TRUE,FALSE), IF(J74>F74,TRUE,FALSE)) -> FALSE
A75: =G75 -> Bucknell | B75: =I75 -> Cleveland State | C75: =IF(O75="","",IF(A75=O75,B75,A75)) -> Bucknell | D75: =IF(SeedType=1,0,IF(SeedType=2,VLOOKUP(O75,SeedInfo,2,FALSE)*5,MAX(VLOOKUP(O75,SeedInfo,2,FALSE)-VLOOKUP(C75,SeedInfo,2,FALSE),0))) -> #REF! | E75: 62 | F75: {=_xlfn.XLOOKUP(G75,Teams[[#All],[Team]],Teams[[#All],[Seed]],0,0,1)} -> 1 | G75: =O71 -> Bucknell | H75: vs | I75: =O72 -> Cleveland State | J75: {=_xlfn.XLOOKUP(I75,Teams[[#All],[Team]],Teams[[#All],[Seed]],0,0,1)} -> 5 | K75: =_xlfn.XLOOKUP(G75,Teams!$C:$C,Teams!$E:$E,,0,1) -> #VALUE! | L75: =RANDBETWEEN(90,120) -> 98 | M75: =_xlfn.XLOOKUP(I75,Teams!$C:$C,Teams!$E:$E,,0,1) -> #VALUE! | N75: =RANDBETWEEN(90,120) -> 116 | O75: =IF(L75>N75,G75,I75) -> Cleveland State | P75: =_xlfn.XLOOKUP(O75,Teams!$C:$C,Teams!$E:$E,,0,1) -> #VALUE! | Q75: Lorem ipsum dolor sit amet, consectetur adipiscing elit, sed do eiusmod tempor incididunt ut labore et dolore magna aliqua. | R75: =IF( O75=G75, IF(F75>J75,TRUE,FALSE), IF(J75>F75,TRUE,FALSE)) -> TRUE
E76: Game # | F76: =Bracket!S2 -> Championship | O76: Winner
A77: =G77 -> Baylor | B77: =I77 -> Cleveland State | C77: =IF(O77="","",IF(A77=O77,B77,A77)) -> Cleveland State | D77: =IF(SeedType=1,0,IF(SeedType=2,VLOOKUP(O77,SeedInfo,2,FALSE)*6,MAX(VLOOKUP(O77,SeedInfo,2,FALSE)-VLOOKUP(C77,SeedInfo,2,FALSE),0))) -> #REF! | E77: 63 | F77: {=_xlfn.XLOOKUP(G77,Teams[[#All],[Team]],Teams[[#All],[Seed]],0,0,1)} -> 9 | G77: =O74 -> Baylor | H77: vs | I77: =O75 -> Cleveland State | J77: {=_xlfn.XLOOKUP(I77,Teams[[#All],[Team]],Teams[[#All],[Seed]],0,0,1)} -> 5 | K77: =_xlfn.XLOOKUP(G77,Teams!$C:$C,Teams!$E:$E,,0,1) -> #VALUE! | L77: =RANDBETWEEN(90,120) -> 100 | M77: =_xlfn.XLOOKUP(I77,Teams!$C:$C,Teams!$E:$E,,0,1) -> #VALUE! | N77: =RANDBETWEEN(90,120) -> 99 | O77: =IF(L77>N77,G77,I77) -> Baylor | P77: =_xlfn.XLOOKUP(O77,Teams!$C:$C,Teams!$E:$E,,0,1) -> #VALUE! | Q77: Lorem ipsum dolor sit amet, consectetur adipiscing elit, sed do eiusmod tempor incididunt ut labore et dolore magna aliqua. | R77: =IF( O77=G77, IF(F77>J77,TRUE,FALSE), IF(J77>F77,TRUE,FALSE)) -> TRUE

Sheet Bracket
B1: 2026 NCAA Basketball Tournament Bracket
C2: First Round | F2: Second Round | I2: Sweet 16 | L2: Elite 8 | O2: Final Four | S2: Championship | AA2: Final Four | AD2: Elite 8 | AG2: Sweet 16 | AJ2: =F2 -> Second Round | AM2: =C2 -> First Round | AU2: checkbox
AU3: x
B5: 1 | C5: =Games!G10 -> Abilene Christian | D5: =_xlfn.XLOOKUP(C5,Teams!$C:$C,Teams!$E:$E,,0,1) -> #VALUE! | E5: =Games!L10 -> 115 | F5: =Games!O10 -> Abilene Christian | G5: =_xlfn.XLOOKUP(F5,Teams!$C:$C,Teams!$E:$E,,0,1) -> #VALUE! | H5: =Games!L43 -> 113 | AH5: =Games!L51 -> 93 | AI5: =_xlfn.XLOOKUP(AJ5,Teams!$C:$C,Teams!$E:$E,,0,1) -> #VALUE! | AJ5: =Games!O26 -> Bucknell | AK5: =Games!L26 -> 118 | AL5: =_xlfn.XLOOKUP(AM5,Teams!$C:$C,Teams!$E:$E,,0,1) -> #VALUE! | AM5: =Games!G26 -> Bucknell | AN5: 1 | AU5: =IF(AP29="x",TRUE,FALSE) -> TRUE
A6: =IF($AU$5=TRUE,1,"") -> 1 | AO6: =IF($AU$5=TRUE,A66+1,"") -> 17
B7: 16 | C7: =Games!I10 -> Air Force | D7: =_xlfn.XLOOKUP(C7,Teams!$C:$C,Teams!$E:$E,,0,1) -> #VALUE! | E7: =Games!N10 -> 111 | F7: =IF($AU$5=TRUE,AO66+1,"") -> 33 | I7: =Games!O43 -> Abilene Christian | J7: =_xlfn.XLOOKUP(I7,Teams!$C:$C,Teams!$E:$E,,0,1) -> #VALUE! | K7: =Games!L60 -> 107 | AE7: =Games!L64 -> 113 | AF7: =_xlfn.XLOOKUP(AG7,Teams!$C:$C,Teams!$E:$E,,0,1) -> #VALUE! | AG7: =Games!O51 -> Bucknell | AJ7: =IF($AU$5=TRUE,F63+1,"") -> 41 | AK7: =Games!N26 -> 98 | AL7: =_xlfn.XLOOKUP(AM7,Teams!$C:$C,Teams!$E:$E,,0,1) -> #VALUE! | AM7: =Games!I26 -> Buffalo | AN7: 16
B9: 8 | C9: =Games!G11 -> Akron | D9: =_xlfn.XLOOKUP(C9,Teams!$C:$C,Teams!$E:$E,,0,1) -> #VALUE! | E9: =Games!L11 -> 97 | F9: =Games!O11 -> Alabama | G9: =_xlfn.XLOOKUP(F9,Teams!$C:$C,Teams!$E:$E,,0,1) -> #VALUE! | H9: =Games!N43 -> 109 | AH9: =Games!N51 -> 90 | AI9: =_xlfn.XLOOKUP(AJ9,Teams!$C:$C,Teams!$E:$E,,0,1) -> #VALUE! | AJ9: =Games!O27 -> Butler | AK9: =Games!L27 -> 109 | AL9: =_xlfn.XLOOKUP(AM9,Teams!$C:$C,Teams!$E:$E,,0,1) -> #VALUE! | AM9: =Games!G27 -> Butler | AN9: 8
A10: =IF($AU$5=TRUE,A6+1,"") -> 2 | AO10: =IF($AU$5=TRUE,AO6+1,"") -> 18
B11: 9 | C11: =Games!I11 -> Alabama | D11: =_xlfn.XLOOKUP(C11,Teams!$C:$C,Teams!$E:$E,,0,1) -> #VALUE! | E11: =Games!N11 -> 120 | I11: =IF($AU$5=TRUE,AJ63+1,"") -> 49 | L11: =Games!O60 -> Abilene Christian | M11: =_xlfn.XLOOKUP(L11,Teams!$C:$C,Teams!$E:$E,,0,1) -> #VALUE! | N11: =Games!L69 -> 90 | T11: =_xlfn.XLOOKUP(S32,Teams!$C:$C,Teams!$E:$E,,0,1) -> #VALUE! | AB11: =Games!L71 -> 113 | AC11: =_xlfn.XLOOKUP(AD11,Teams!$C:$C,Teams!$E:$E,,0,1) -> #VALUE! | AD11: =Games!O64 -> Bucknell | AG11: =IF($AU$5=TRUE,I59+1,"") -> 53 | AK11: =Games!N27 -> 92 | AL11: =_xlfn.XLOOKUP(AM11,Teams!$C:$C,Teams!$E:$E,,0,1) -> #VALUE! | AM11: =Games!I27 -> Cal Poly | AN11: 9
B13: 5 | C13: =Games!G12 -> Alabama A&M | D13: =_xlfn.XLOOKUP(C13,Teams!$C:$C,Teams!$E:$E,,0,1) -> #VALUE! | E13: =Games!L12 -> 95 | F13: =Games!O12 -> Arizona | G13: =_xlfn.XLOOKUP(F13,Teams!$C:$C,Teams!$E:$E,,0,1) -> #VALUE! | H13: =Games!L44 -> 107 | AH13: =Games!L52 -> 98 | AI13: =_xlfn.XLOOKUP(AJ13,Teams!$C:$C,Teams!$E:$E,,0,1) -> #VALUE! | AJ13: =Games!O28 -> Cal State Fullerton | AK13: =Games!L28 -> 91 | AL13: =_xlfn.XLOOKUP(AM13,Teams!$C:$C,Teams!$E:$E,,0,1) -> #VALUE! | AM13: =Games!G28 -> Cal State Bakersfield | AN13: 5
A14: =IF($AU$5=TRUE,A10+1,"") -> 3 | AO14: =IF($AU$5=TRUE,AO10+1,"") -> 19
B15: 12 | C15: =Games!I12 -> Arizona | D15: =_xlfn.XLOOKUP(C15,Teams!$C:$C,Teams!$E:$E,,0,1) -> #VALUE! | E15: =Games!N12 -> 120 | F15: =IF($AU$5=TRUE,F7+1,"") -> 34 | I15: =Games!O44 -> Alcorn State | J15: =_xlfn.XLOOKUP(I15,Teams!$C:$C,Teams!$E:$E,,0,1) -> #VALUE! | K15: =Games!N60 -> 101 | AE15: =Games!N64 -> 93 | AF15: =_xlfn.XLOOKUP(AG15,Teams!$C:$C,Teams!$E:$E,,0,1) -> #VALUE! | AG15: =Games!O52 -> Cal State Northridge | AJ15: =IF($AU$5=TRUE,AJ7+1,"") -> 42 | AK15: =Games!N28 -> 100 | AL15: =_xlfn.XLOOKUP(AM15,Teams!$C:$C,Teams!$E:$E,,0,1) -> #VALUE! | AM15: =Games!I28 -> Cal State Fullerton | AN15: 12
B17: 4 | C17: =Games!G13 -> Arizona State | D17: =_xlfn.XLOOKUP(C17,Teams!$C:$C,Teams!$E:$E,,0,1) -> #VALUE! | E17: =Games!L13 -> 103 | F17: =Games!O13 -> Alcorn State | G17: =_xlfn.XLOOKUP(F17,Teams!$C:$C,Teams!$E:$E,,0,1) -> #VALUE! | H17: =Games!N44 -> 119 | AH17: =Games!N52 -> 109 | AI17: =_xlfn.XLOOKUP(AJ17,Teams!$C:$C,Teams!$E:$E,,0,1) -> #VALUE! | AJ17: =Games!O29 -> Cal State Northridge | AK17: =Games!L29 -> 116 | AL17: =_xlfn.XLOOKUP(AM17,Teams!$C:$C,Teams!$E:$E,,0,1) -> #VALUE! | AM17: =Games!G29 -> Cal State Northridge | AN17: 4
A18: =IF($AU$5=TRUE,A14+1,"") -> 4 | AO18: =IF($AU$5=TRUE,AO14+1,"") -> 20
B19: 13 | C19: =Games!I13 -> Alcorn State | D19: =_xlfn.XLOOKUP(C19,Teams!$C:$C,Teams!$E:$E,,0,1) -> #VALUE! | E19: =Games!N13 -> 112 | K19: South | O19: =Games!O69 -> Arizona State | P19: =_xlfn.XLOOKUP(O19,Teams!$C:$C,Teams!$E:$E,,0,1) -> #VALUE! | Q19: =Games!L74 -> 96 | Y19: =Games!L75 -> 98 | Z19: =_xlfn.XLOOKUP(AA19,Teams!$C:$C,Teams!$E:$E,,0,1) -> #VALUE! | AA19: =Games!O71 -> Bucknell | AD19: East | AK19: =Games!N29 -> 115 | AL19: =_xlfn.XLOOKUP(AM19,Teams!$C:$C,Teams!$E:$E,,0,1) -> #VALUE! | AM19: =Games!I29 -> California | AN19: 13
A21: =IF($AU$5=TRUE,A18+1,"") -> 5 | B21: 6 | C21: =Games!G14 -> American | D21: =_xlfn.XLOOKUP(C21,Teams!$C:$C,Teams!$E:$E,,0,1) -> #VALUE! | E21: =Games!L14 -> 106 | F21: =Games!O14 -> Appalachian State | G21: =_xlfn.XLOOKUP(F21,Teams!$C:$C,Teams!$E:$E,,0,1) -> #VALUE! | H21: =Games!L45 -> 102 | L21: =IF($AU$5=TRUE,AG59+1,"") -> 57 | AD21: =IF($AU$5=TRUE,L53+1,"") -> 59 | AH21: =Games!L53 -> 102 | AI21: =_xlfn.XLOOKUP(AJ21,Teams!$C:$C,Teams!$E:$E,,0,1) -> #VALUE! | AJ21: =Games!O30 -> California Baptist | AK21: =Games!L30 -> 108 | AL21: =_xlfn.XLOOKUP(AM21,Teams!$C:$C,Teams!$E:$E,,0,1) -> #VALUE! | AM21: =Games!G30 -> California Baptist | AN21: 6
AO22: =IF($AU$5=TRUE,AO18+1,"") -> 21
B23: 11 | C23: =Games!I14 -> Appalachian State | D23: =_xlfn.XLOOKUP(C23,Teams!$C:$C,Teams!$E:$E,,0,1) -> #VALUE! | E23: =Games!N14 -> 120 | F23: =IF($AU$5=TRUE,F15+1,"") -> 35 | I23: =Games!O45 -> Arizona State | J23: =_xlfn.XLOOKUP(I23,Teams!$C:$C,Teams!$E:$E,,0,1) -> #VALUE! | K23: =Games!L61 -> 115 | AE23: =Games!L65 -> 91 | AF23: =_xlfn.XLOOKUP(AG23,Teams!$C:$C,Teams!$E:$E,,0,1) -> #VALUE! | AG23: =Games!O53 -> Central Arkansas | AJ23: =IF($AU$5=TRUE,AJ15+1,"") -> 43 | AK23: =Games!N30 -> 94 | AL23: =_xlfn.XLOOKUP(AM23,Teams!$C:$C,Teams!$E:$E,,0,1) -> #VALUE! | AM23: =Games!I30 -> Campbell | AN23: 11
B25: 3 | C25: =Games!G15 -> Arizona | D25: =_xlfn.XLOOKUP(C25,Teams!$C:$C,Teams!$E:$E,,0,1) -> #VALUE! | E25: =Games!L15 -> 95 | F25: =Games!O15 -> Arizona State | G25: =_xlfn.XLOOKUP(F25,Teams!$C:$C,Teams!$E:$E,,0,1) -> #VALUE! | H25: =Games!N45 -> 114 | AH25: =Games!N53 -> 107 | AI25: =_xlfn.XLOOKUP(AJ25,Teams!$C:$C,Teams!$E:$E,,0,1) -> #VALUE! | AJ25: =Games!O31 -> Central Arkansas | AK25: =Games!L31 -> 104 | AL25: =_xlfn.XLOOKUP(AM25,Teams!$C:$C,Teams!$E:$E,,0,1) -> #VALUE! | AM25: =Games!G31 -> Canisius | AN25: 3
A26: =IF($AU$5=TRUE,A21+1,"") -> 6 | AO26: =IF($AU$5=TRUE,AO22+1,"") -> 22
B27: 14 | C27: =Games!I15 -> Arizona State | D27: =_xlfn.XLOOKUP(C27,Teams!$C:$C,Teams!$E:$E,,0,1) -> #VALUE! | E27: =Games!N15 -> 115 | I27: =IF($AU$5=TRUE,I11+1,"") -> 50 | L27: =Games!O61 -> Arizona State | M27: =_xlfn.XLOOKUP(L27,Teams!$C:$C,Teams!$E:$E,,0,1) -> #VALUE! | N27: =Games!N69 -> 117 | R27: =Games!O74 -> Baylor | U27: =_xlfn.XLOOKUP(R27,Teams!$C:$C,Teams!$E:$E,,0,1) -> #VALUE! | V27: =Games!L77 -> 100 | AB27: =Games!N71 -> 112 | AC27: =_xlfn.XLOOKUP(AD27,Teams!$C:$C,Teams!$E:$E,,0,1) -> #VALUE! | AD27: =Games!O65 -> Charlotte | AG27: =IF($AU$5=TRUE,AG11+1,"") -> 54 | AK27: =Games!N31 -> 116 | AL27: =_xlfn.XLOOKUP(AM27,Teams!$C:$C,Teams!$E:$E,,0,1) -> #VALUE! | AM27: =Games!I31 -> Central Arkansas | AN27: 14
B29: 7 | C29: =Games!G16 -> Arkansas | D29: =_xlfn.XLOOKUP(C29,Teams!$C:$C,Teams!$E:$E,,0,1) -> #VALUE! | E29: =Games!L16 -> 117 | F29: =Games!O16 -> Arkansas | G29: =_xlfn.XLOOKUP(F29,Teams!$C:$C,Teams!$E:$E,,0,1) -> #VALUE! | H29: =Games!L46 -> 91 | AH29: =Games!L54 -> 105 | AI29: =_xlfn.XLOOKUP(AJ29,Teams!$C:$C,Teams!$E:$E,,0,1) -> #VALUE! | AJ29: =Games!O32 -> Central Michigan | AK29: =Games!L32 -> 91 | AL29: =_xlfn.XLOOKUP(AM29,Teams!$C:$C,Teams!$E:$E,,0,1) -> #VALUE! | AM29: =Games!G32 -> Central Connecticut State | AN29: 7 | AP29: x | AQ29: Show Game Numbers
A30: =IF($AU$5=TRUE,A26+1,"") -> 7 | AO30: =IF($AU$5=TRUE,AO26+1,"") -> 23
B31: 10 | C31: =Games!I19 -> Baylor | D31: =_xlfn.XLOOKUP(C31,Teams!$C:$C,Teams!$E:$E,,0,1) -> #VALUE! | E31: =Games!N16 -> 105 | F31: =IF($AU$5=TRUE,F23+1,"") -> 36 | I31: =Games!O46 -> Army | J31: =_xlfn.XLOOKUP(I31,Teams!$C:$C,Teams!$E:$E,,0,1) -> #VALUE! | K31: =Games!N61 -> 97 | S31: National Champion | AE31: =Games!N65 -> 95 | AF31: =_xlfn.XLOOKUP(AG31,Teams!$C:$C,Teams!$E:$E,,0,1) -> #VALUE! | AG31: =Games!O54 -> Charlotte | AJ31: =IF($AU$5=TRUE,AJ23+1,"") -> 44 | AK31: =Games!N32 -> 99 | AL31: =_xlfn.XLOOKUP(AM31,Teams!$C:$C,Teams!$E:$E,,0,1) -> #VALUE! | AM31: =Games!I32 -> Central Michigan | AN31: 10
S32: =Games!O77 -> Baylor
B33: 2 | C33: =Games!G17 -> Arkansas-Pine Bluff | D33: =_xlfn.XLOOKUP(C33,Teams!$C:$C,Teams!$E:$E,,0,1) -> #VALUE! | E33: =Games!L17 -> 96 | F33: =Games!O17 -> Army | G33: =_xlfn.XLOOKUP(F33,Teams!$C:$C,Teams!$E:$E,,0,1) -> #VALUE! | H33: =Games!N46 -> 109 | AH33: =Games!N54 -> 110 | AI33: =_xlfn.XLOOKUP(AJ33,Teams!$C:$C,Teams!$E:$E,,0,1) -> #VALUE! | AJ33: =Games!O33 -> Charlotte | AK33: =Games!L33 -> 92 | AL33: =_xlfn.XLOOKUP(AM33,Teams!$C:$C,Teams!$E:$E,,0,1) -> #VALUE! | AM33: =Games!G33 -> Charleston Southern | AN33: 2
A34: =IF($AU$5=TRUE,A30+1,"") -> 8 | AO34: =IF($AU$5=TRUE,AO30+1,"") -> 24
B35: 15 | C35: =Games!I17 -> Army | D35: =_xlfn.XLOOKUP(C35,Teams!$C:$C,Teams!$E:$E,,0,1) -> #VALUE! | E35: =Games!N17 -> 114 | O35: =IF($AU$5=TRUE,AD53+1,"") -> 61 | T35: =IF($AU$5=TRUE,AA35+1,"") -> 63 | AA35: =IF($AU$5=TRUE,O35+1,"") -> 62 | AK35: =Games!N33 -> 101 | AL35: =_xlfn.XLOOKUP(AM35,Teams!$C:$C,Teams!$E:$E,,0,1) -> #VALUE! | AM35: =Games!I33 -> Charlotte | AN35: 15
B37: 1 | C37: =Games!G18 -> Auburn | D37: =_xlfn.XLOOKUP(C37,Teams!$C:$C,Teams!$E:$E,,0,1) -> #VALUE! | E37: =Games!L18 -> 113 | F37: =Games!O18 -> Auburn | G37: =_xlfn.XLOOKUP(F37,Teams!$C:$C,Teams!$E:$E,,0,1) -> #VALUE! | H37: =Games!L47 -> 90 | AH37: =Games!L55 -> 109 | AI37: =_xlfn.XLOOKUP(AJ37,Teams!$C:$C,Teams!$E:$E,,0,1) -> #VALUE! | AJ37: =Games!O34 -> Chicago State | AK37: =Games!L34 -> 93 | AL37: =_xlfn.XLOOKUP(AM37,Teams!$C:$C,Teams!$E:$E,,0,1) -> #VALUE! | AM37: =Games!G34 -> Chattanooga | AN37: 1
A38: =IF($AU$5=TRUE,A34+1,"") -> 9 | AO38: =IF($AU$5=TRUE,AO34+1,"") -> 25
B39: 16 | C39: =Games!I18 -> Austin Peay | D39: =_xlfn.XLOOKUP(C39,Teams!$C:$C,Teams!$E:$E,,0,1) -> #VALUE! | E39: =Games!N18 -> 91 | F39: =IF($AU$5=TRUE,F31+1,"") -> 37 | I39: =Games!O47 -> Baylor | J39: =_xlfn.XLOOKUP(I39,Teams!$C:$C,Teams!$E:$E,,0,1) -> #VALUE! | K39: =Games!L62 -> 117 | T39: =Games!N77 -> 99 | U39: =_xlfn.XLOOKUP(V39,Teams!$C:$C,Teams!$E:$E,,0,1) -> #VALUE! | V39: =Games!O75 -> Cleveland State | AE39: =Games!L66 -> 99 | AF39: =_xlfn.XLOOKUP(AG39,Teams!$C:$C,Teams!$E:$E,,0,1) -> #VALUE! | AG39: =Games!O55 -> Chicago State | AJ39: =IF($AU$5=TRUE,AJ31+1,"") -> 45 | AK39: =Games!N34 -> 118 | AL39: =_xlfn.XLOOKUP(AM39,Teams!$C:$C,Teams!$E:$E,,0,1) -> #VALUE! | AM39: =Games!I34 -> Chicago State | AN39: 16
B41: 8 | C41: =Games!G19 -> Ball State | D41: =_xlfn.XLOOKUP(C41,Teams!$C:$C,Teams!$E:$E,,0,1) -> #VALUE! | E41: =Games!L19 -> 90 | F41: =Games!O19 -> Baylor | G41: =_xlfn.XLOOKUP(F41,Teams!$C:$C,Teams!$E:$E,,0,1) -> #VALUE! | H41: =Games!N47 -> 99 | AH41: =Games!N55 -> 103 | AI41: =_xlfn.XLOOKUP(AJ41,Teams!$C:$C,Teams!$E:$E,,0,1) -> #VALUE! | AJ41: =Games!O35 -> Clemson | AK41: =Games!L35 -> 100 | AL41: =_xlfn.XLOOKUP(AM41,Teams!$C:$C,Teams!$E:$E,,0,1) -> #VALUE! | AM41: =Games!G35 -> Cincinnati | AN41: 8
A42: =IF($AU$5=TRUE,A38+1,"") -> 10 | AO42: =IF($AU$5=TRUE,AO38+1,"") -> 26
B43: 9 | C43: =Games!I19 -> Baylor | D43: =_xlfn.XLOOKUP(C43,Teams!$C:$C,Teams!$E:$E,,0,1) -> #VALUE! | E43: =Games!N19 -> 90 | I43: =IF($AU$5=TRUE,I27+1,"") -> 51 | L43: =Games!O62 -> Baylor | M43: =_xlfn.XLOOKUP(L43,Teams!$C:$C,Teams!$E:$E,,0,1) -> #VALUE! | N43: =Games!L70 -> 112 | AB43: =Games!L72 -> 96 | AC43: =_xlfn.XLOOKUP(AD43,Teams!$C:$C,Teams!$E:$E,,0,1) -> #VALUE! | AD43: =Games!O66 -> Cleveland State | AG43: =IF($AU$5=TRUE,AG27+1,"") -> 55 | AK43: =Games!N35 -> 114 | AL43: =_xlfn.XLOOKUP(AM43,Teams!$C:$C,Teams!$E:$E,,0,1) -> #VALUE! | AM43: =Games!I35 -> Clemson | AN43: 9
B45: 5 | C45: =Games!G20 -> Bellarmine | D45: =_xlfn.XLOOKUP(C45,Teams!$C:$C,Teams!$E:$E,,0,1) -> #VALUE! | E45: =Games!L20 -> 113 | F45: =Games!O20 -> Belmont | G45: =_xlfn.XLOOKUP(F45,Teams!$C:$C,Teams!$E:$E,,0,1) -> #VALUE! | H45: =Games!L48 -> 115 | AH45: =Games!L56 -> 113 | AI45: =_xlfn.XLOOKUP(AJ45,Teams!$C:$C,Teams!$E:$E,,0,1) -> #VALUE! | AJ45: =Games!O36 -> Cleveland State | AK45: =Games!L36 -> 119 | AL45: =_xlfn.XLOOKUP(AM45,Teams!$C:$C,Teams!$E:$E,,0,1) -> #VALUE! | AM45: =Games!G36 -> Cleveland State | AN45: 5
A46: =IF($AU$5=TRUE,A42+1,"") -> 11 | AO46: =IF($AU$5=TRUE,AO42+1,"") -> 27
B47: 12 | C47: =Games!I20 -> Belmont | D47: =_xlfn.XLOOKUP(C47,Teams!$C:$C,Teams!$E:$E,,0,1) -> #VALUE! | E47: =Games!N20 -> 119 | F47: =IF($AU$5=TRUE,F39+1,"") -> 38 | I47: =Games!O48 -> Belmont | J47: =_xlfn.XLOOKUP(I47,Teams!$C:$C,Teams!$E:$E,,0,1) -> #VALUE! | K47: =Games!N62 -> 92 | AE47: =Games!N66 -> 117 | AF47: =_xlfn.XLOOKUP(AG47,Teams!$C:$C,Teams!$E:$E,,0,1) -> #VALUE! | AG47: =Games!O56 -> Cleveland State | AJ47: =IF($AU$5=TRUE,AJ39+1,"") -> 46 | AK47: =Games!N36 -> 96 | AL47: =_xlfn.XLOOKUP(AM47,Teams!$C:$C,Teams!$E:$E,,0,1) -> #VALUE! | AM47: =Games!I36 -> Coastal Carolina | AN47: 12
B49: 4 | C49: =Games!G21 -> Bethune-Cookman | D49: =_xlfn.XLOOKUP(C49,Teams!$C:$C,Teams!$E:$E,,0,1) -> #VALUE! | E49: =Games!L21 -> 106 | F49: =Games!O21 -> Bethune-Cookman | G49: =_xlfn.XLOOKUP(F49,Teams!$C:$C,Teams!$E:$E,,0,1) -> #VALUE! | H49: =Games!N48 -> 111 | AH49: =Games!N56 -> 103 | AI49: =_xlfn.XLOOKUP(AJ49,Teams!$C:$C,Teams!$E:$E,,0,1) -> #VALUE! | AJ49: =Games!O37 -> College of Charleston | AK49: =Games!L37 -> 103 | AL49: =_xlfn.XLOOKUP(AM49,Teams!$C:$C,Teams!$E:$E,,0,1) -> #VALUE! | AM49: =Games!G37 -> Colgate | AN49: 4
A50: =IF($AU$5=TRUE,A46+1,"") -> 12 | AO50: =IF($AU$5=TRUE,AO46+1,"") -> 28
B51: 13 | C51: =Games!I21 -> Binghamton | D51: =_xlfn.XLOOKUP(C51,Teams!$C:$C,Teams!$E:$E,,0,1) -> #VALUE! | E51: =Games!N21 -> 90 | K51: West | O51: =Games!O70 -> Baylor | P51: =_xlfn.XLOOKUP(O51,Teams!$C:$C,Teams!$E:$E,,0,1) -> #VALUE! | Q51: =Games!N74 -> 106 | Y51: =Games!N75 -> 116 | Z51: =_xlfn.XLOOKUP(AA51,Teams!$C:$C,Teams!$E:$E,,0,1) -> #VALUE! | AA51: =Games!O72 -> Cleveland State | AD51: Midwest | AK51: =Games!N37 -> 108 | AL51: =_xlfn.XLOOKUP(AM51,Teams!$C:$C,Teams!$E:$E,,0,1) -> #VALUE! | AM51: =Games!I37 -> College of Charleston | AN51: 13
B53: 6 | C53: =Games!G22 -> Boise State | D53: =_xlfn.XLOOKUP(C53,Teams!$C:$C,Teams!$E:$E,,0,1) -> #VALUE! | E53: =Games!L22 -> 106 | F53: =Games!O22 -> Boise State | G53: =_xlfn.XLOOKUP(F53,Teams!$C:$C,Teams!$E:$E,,0,1) -> #VALUE! | H53: =Games!L49 -> 110 | L53: =IF($AU$5=TRUE,L21+1,"") -> 58 | AD53: =IF($AU$5=TRUE,AD21+1,"") -> 60 | AH53: =Games!L57 -> 91 | AI53: =_xlfn.XLOOKUP(AJ53,Teams!$C:$C,Teams!$E:$E,,0,1) -> #VALUE! | AJ53: =Games!O38 -> Colorado State | AK53: =Games!L38 -> 108 | AL53: =_xlfn.XLOOKUP(AM53,Teams!$C:$C,Teams!$E:$E,,0,1) -> #VALUE! | AM53: =Games!G38 -> Colorado | AN53: 6
A54: =IF($AU$5=TRUE,A50+1,"") -> 13 | P54: First Four | AO54: =IF($AU$5=TRUE,AO50+1,"") -> 29
B55: 11 | C55: =Games!I22 -> Boston College | D55: =_xlfn.XLOOKUP(C55,Teams!$C:$C,Teams!$E:$E,,0,1) -> #VALUE! | E55: =Games!N22 -> 104 | F55: =IF($AU$5=TRUE,F47+1,"") -> 39 | I55: =Games!O49 -> Boise State | J55: =_xlfn.XLOOKUP(I55,Teams!$C:$C,Teams!$E:$E,,0,1) -> #VALUE! | K55: =Games!L63 -> 103 | AE55: =Games!L67 -> 116 | AF55: =_xlfn.XLOOKUP(AG55,Teams!$C:$C,Teams!$E:$E,,0,1) -> #VALUE! | AG55: =Games!O57 -> Connecticut | AJ55: =IF($AU$5=TRUE,AJ47+1,"") -> 47 | AK55: =Games!N38 -> 114 | AL55: =_xlfn.XLOOKUP(AM55,Teams!$C:$C,Teams!$E:$E,,0,1) -> #VALUE! | AM55: =Games!I38 -> Colorado State | AN55: 11
B57: 3 | C57: =Games!G23 -> Florida | D57: =_xlfn.XLOOKUP(C57,Teams!$C:$C,Teams!$E:$E,,0,1) -> #VALUE! | E57: =Games!L23 -> 110 | F57: =Games!O23 -> Duke | G57: =_xlfn.XLOOKUP(F57,Teams!$C:$C,Teams!$E:$E,,0,1) -> #VALUE! | H57: =Games!N49 -> 102 | AH57: =Games!N57 -> 114 | AI57: =_xlfn.XLOOKUP(AJ57,Teams!$C:$C,Teams!$E:$E,,0,1) -> #VALUE! | AJ57: =Games!O39 -> Connecticut | AK57: =Games!L39 -> 108 | AL57: =_xlfn.XLOOKUP(AM57,Teams!$C:$C,Teams!$E:$E,,0,1) -> #VALUE! | AM57: =Games!G39 -> Columbia | AN57: 3
A58: =IF($AU$5=TRUE,A54+1,"") -> 14 | AO58: =IF($AU$5=TRUE,AO54+1,"") -> 30
B59: 14 | C59: =Games!I23 -> Duke | D59: =_xlfn.XLOOKUP(C59,Teams!$C:$C,Teams!$E:$E,,0,1) -> #VALUE! | E59: =Games!N23 -> 117 | I59: =IF($AU$5=TRUE,I43+1,"") -> 52 | L59: =Games!O63 -> Bryant | M59: =_xlfn.XLOOKUP(L59,Teams!$C:$C,Teams!$E:$E,,0,1) -> #VALUE! | N59: =Games!N70 -> 105 | AB59: =Games!N72 -> 93 | AC59: =_xlfn.XLOOKUP(AD59,Teams!$C:$C,Teams!$E:$E,,0,1) -> #VALUE! | AD59: =Games!O67 -> Connecticut | AG59: =IF($AU$5=TRUE,AG43+1,"") -> 56 | AK59: =Games!N39 -> 119 | AL59: =_xlfn.XLOOKUP(AM59,Teams!$C:$C,Teams!$E:$E,,0,1) -> #VALUE! | AM59: =Games!I39 -> Connecticut | AN59: 14
B61: 7 | C61: =Games!G24 -> Bradley | D61: =_xlfn.XLOOKUP(C61,Teams!$C:$C,Teams!$E:$E,,0,1) -> #VALUE! | E61: =Games!L24 -> 99 | F61: =Games!O24 -> Brigham Young | G61: =_xlfn.XLOOKUP(F61,Teams!$C:$C,Teams!$E:$E,,0,1) -> #VALUE! | H61: =Games!L50 -> 109 | AH61: =Games!L58 -> 97 | AI61: =_xlfn.XLOOKUP(AJ61,Teams!$C:$C,Teams!$E:$E,,0,1) -> #VALUE! | AJ61: =Games!O40 -> Coppin State | AK61: =Games!L40 -> 111 | AL61: =_xlfn.XLOOKUP(AM61,Teams!$C:$C,Teams!$E:$E,,0,1) -> #VALUE! | AM61: =Games!G40 -> Coppin State | AN61: 7
A62: =IF($AU$5=TRUE,A58+1,"") -> 15 | AO62: =IF($AU$5=TRUE,AO58+1,"") -> 31
B63: 10 | C63: =Games!I24 -> Brigham Young | D63: =_xlfn.XLOOKUP(C63,Teams!$C:$C,Teams!$E:$E,,0,1) -> #VALUE! | E63: =Games!N24 -> 110 | F63: =IF($AU$5=TRUE,F55+1,"") -> 40 | I63: =Games!O50 -> Bryant | J63: =_xlfn.XLOOKUP(I63,Teams!$C:$C,Teams!$E:$E,,0,1) -> #VALUE! | K63: =Games!N63 -> 111 | AE63: =Games!N67 -> 104 | AF63: =_xlfn.XLOOKUP(AG63,Teams!$C:$C,Teams!$E:$E,,0,1) -> #VALUE! | AG63: =Games!O58 -> Creighton | AJ63: =IF($AU$5=TRUE,AJ55+1,"") -> 48 | AK63: =Games!N40 -> 100 | AL63: =_xlfn.XLOOKUP(AM63,Teams!$C:$C,Teams!$E:$E,,0,1) -> #VALUE! | AM63: =Games!I40 -> Cornell | AN63: 10
B65: 2 | C65: =Games!G25 -> Brown | D65: =_xlfn.XLOOKUP(C65,Teams!$C:$C,Teams!$E:$E,,0,1) -> #VALUE! | E65: =Games!L25 -> 107 | F65: =Games!O25 -> Bryant | G65: =_xlfn.XLOOKUP(F65,Teams!$C:$C,Teams!$E:$E,,0,1) -> #VALUE! | H65: =Games!N50 -> 112 | AH65: =Games!N58 -> 112 | AI65: =_xlfn.XLOOKUP(AJ65,Teams!$C:$C,Teams!$E:$E,,0,1) -> #VALUE! | AJ65: =Games!O41 -> Creighton | AK65: =Games!L41 -> 120 | AL65: =_xlfn.XLOOKUP(AM65,Teams!$C:$C,Teams!$E:$E,,0,1) -> #VALUE! | AM65: =Games!G41 -> Creighton | AN65: 2
A66: =IF($AU$5=TRUE,A62+1,"") -> 16 | AO66: =IF($AU$5=TRUE,AO62+1,"") -> 32
B67: 15 | C67: =Games!I25 -> Bryant | D67: =_xlfn.XLOOKUP(C67,Teams!$C:$C,Teams!$E:$E,,0,1) -> #VALUE! | E67: =Games!N25 -> 107 | AK67: =Games!N41 -> 119 | AL67: =_xlfn.XLOOKUP(AM67,Teams!$C:$C,Teams!$E:$E,,0,1) -> #VALUE! | AM67: =Games!I41 -> Dartmouth | AN67: 15
